dataset,run_tag,seed,auprc,auroc,precision,recall,f1,mcc,balanced_accuracy,samples,threshold,epochs
bgl,baseline_gnn_flat,1024,0.9999870750280228,0.9999972083344151,0.9978344325228861,0.9986208255344301,0.9982274741506647,0.9978468938978424,0.9990777857740247,57437,0.418793547153475,11
bgl,baseline_gnn_flat,123,0.9999808190501498,0.9999958312516155,0.9967583497053045,0.9996059501526943,0.9981801190300527,0.9977902622376803,0.9994540345865616,57437,0.3320817267894851,11
bgl,baseline_gnn_flat,256,0.9999915218867493,0.9999981833340373,0.9986213687838503,0.9990148753817358,0.9988180833251256,0.9985643262886028,0.999359402331565,57437,0.4232362174987798,20
bgl,baseline_gnn_flat,42,0.9999941405297748,0.999998744792153,0.9985234767201496,0.9993104127672151,0.9989167897587395,0.9986842574567887,0.9994965970700687,57437,0.6134507060050964,15
bgl,baseline_gnn_flat,512,0.9999922638140961,0.9999983416673092,0.998326442213034,0.9990148753817358,0.9986705401546112,0.9983851098105009,0.9993276804688571,57437,0.49183654069910515,16
bgl,baseline_tcn,1024,0.9999974159728932,0.9999994468752144,0.9989170030520823,0.9995074376908679,0.9992121331494977,0.9990430035075537,0.9996374053488388,57437,0.5981415200233752,16
bgl,baseline_tcn,123,0.9999528918505807,0.9999895979206975,0.995485770363101,0.9993104127672151,0.9973944250528489,0.9968364823260859,0.999168804488755,57437,0.2550263428688111,11
bgl,baseline_tcn,256,0.9999603420383523,0.999991279170046,0.9972446368825034,0.9983252881489508,0.9977846699158175,0.9973090025955181,0.9988665733558695,57437,0.517343001365666,11
bgl,baseline_tcn,42,0.9999918922796498,0.9999982604173409,0.9990134175217048,0.9975371884543395,0.9982747572336964,0.9979051301052376,0.9986628546848104,57437,0.7436061024665838,13
bgl,baseline_tcn,512,0.9999948676412473,0.9999989000004263,0.998819013876587,0.9998029750763472,0.9993107522646711,0.99916287998858,0.9997746000873424,57437,0.7520470595359945,20
bgl,baseline_transformer,1024,0.9999911329887646,0.9999981072924,0.9967596229379418,1.0,0.9983771821981805,0.9980300613487998,0.9996510595102144,57437,0.36205476403236564,14
bgl,baseline_transformer,123,0.9999393344480059,0.9999870166716976,0.9952890371969771,0.9990148753817358,0.9971484759095378,0.9965375106484692,0.9989998878875435,57437,0.23450807034970098,11
bgl,baseline_transformer,256,0.9999877397977336,0.9999973875010123,0.9987200945160972,0.9993104127672151,0.9990151664368722,0.9988037382834856,0.9995177449785405,57437,0.6949296879768412,22
bgl,baseline_transformer,42,0.9999940435807313,0.9999987229171615,0.998327100964377,0.9994089252290415,0.9988677201791956,0.99862470711471,0.99952470539251,57437,0.446927011013031,18
bgl,baseline_transformer,512,0.9999941277248623,0.9999987416671543,0.9985236220472441,0.9994089252290415,0.9989660774949535,0.9987441480681941,0.9995458533009818,57437,0.5952464866638246,17
bgl,entholdout20/L7,123,0.9999845811470273,0.999996725001269,0.9979330708661417,0.9988178504580829,0.9983752646349269,0.9980264356071576,0.999186872190087,57437,0.5148042750358585,8
bgl,entholdout20/L7,42,0.9999888212775762,0.9999976208342553,0.9980313022935329,0.9988178504580829,0.9984244214672575,0.9980861406289699,0.9991974461443229,57437,0.5717149615287791,8
bgl,ladder_full/L0,1024,0.9999470996158166,0.99998789687969,0.9972427375677007,0.9976357009161659,0.9974391805377721,0.9968893402255647,0.998521779739477,57437,0.2836425781250149,14
bgl,ladder_full/L0,123,0.9999882228595764,0.9999974760426447,0.9986213687838503,0.9990148753817358,0.9988180833251256,0.9985643262886028,0.999359402331565,57437,0.5996289062500111,17
bgl,ladder_full/L0,256,0.9999510389903399,0.9999872958382562,0.9979306267244777,0.9976357009161659,0.9977831420267008,0.997307345261162,0.9985957974191285,57437,0.2638867187500047,15
bgl,ladder_full/L0,42,0.9999390439331375,0.9999847552142407,0.998424886788738,0.9991133878435622,0.9987690186616771,0.9985047377989072,0.9993875106540062,57437,0.385009765625,14
bgl,ladder_full/L0,512,0.9999752569316647,0.9999946989603875,0.9978331527627302,0.9980297507634716,0.9979314420803782,0.9974873337557987,0.9987822483885453,57437,0.5054101562500009,19
bgl,ladder_full/L1,1024,0.9999820933116434,0.999996067709857,0.9983261126427727,0.9988178504580829,0.9985719210124587,0.998265304799855,0.9992291680070307,57437,0.38743164062501023,17
bgl,ladder_full/L1,123,0.9999889135210487,0.9999976250009203,0.9984244214672575,0.9988178504580829,0.9986210972126465,0.9983250425653116,0.9992397419612666,57437,0.3334472656250256,17
bgl,ladder_full/L1,256,0.9999117260102947,0.9999536427262967,0.9966601178781925,0.9995074376908679,0.9980817470857312,0.9976707357707871,0.9993942044014125,57437,0.11323242187501759,14
bgl,ladder_full/L1,42,0.9998775435743513,0.9999604937653086,0.996365779392987,0.9993104127672151,0.9978359236671257,0.9973721261666322,0.9992639700768783,57437,0.2612597656250166,13
bgl,ladder_full/L1,512,0.9999840916300052,0.9999965937513199,0.9985231859801122,0.9991133878435622,0.9988181997242466,0.9985644730594174,0.9993980846082422,57437,0.2980664062500047,25
bgl,ladder_full/L2,1024,0.9999870234724969,0.9999971895844224,0.9979338842975206,0.9992119003053886,0.99857248338666,0.998266098361413,0.9993838971137399,57437,0.43843024134635955,15
bgl,ladder_full/L2,123,0.9999871801482595,0.9999972520843983,0.9968575076107238,1.0,0.9984262811055375,0.9980896258193198,0.9996616334644504,57437,0.4338633334637158,14
bgl,ladder_full/L2,256,0.9999938366608556,0.999998705208835,0.9986224539998032,0.9998029750763472,0.9992123658560599,0.9990434184395421,0.9997534521788707,57437,0.39791838645935057,18
bgl,ladder_full/L2,42,0.9999764621232705,0.9999949812519446,0.9976375627522394,0.9984238006107773,0.9980305268340719,0.9976076471667149,0.9989581254037264,57437,0.4131662833690728,12
bgl,ladder_full/L2,512,0.9999899805215278,0.9999978520841657,0.9970533346429624,1.0,0.9985244934094039,0.9982087791955572,0.9996827813729222,57437,0.19713479340076792,15
bgl,ladder_full/L3,1024,0.9999900781887594,0.9999978729174909,0.9967596229379418,1.0,0.9983771821981805,0.9980300613487998,0.9996510595102144,57437,0.2743382561207076,16
bgl,ladder_full/L3,123,0.9999868550442655,0.9999971833344249,0.9971512770137525,1.0,0.9985736068073385,0.9982683681052531,0.9996933553271581,57437,0.4285932135582007,14
bgl,ladder_full/L3,256,0.9999931540075421,0.9999985562505594,0.9986223184412517,0.9997044626145207,0.9991630975237532,0.9989835356199441,0.9997041959479573,57437,0.49066046357154847,19
bgl,ladder_full/L3,42,0.999972786319989,0.9999941791689222,0.9964657372864716,0.9999014875381735,0.9981806559472882,0.997791457988124,0.9995700814165934,57437,0.421738982200625,13
bgl,ladder_full/L3,512,0.9999944679689633,0.9999988156254589,0.998621911605473,0.9994089252290415,0.999015263417036,0.9988038808223525,0.9995564272552178,57437,0.4385110640525819,17
bgl,ladder_full/L4,1024,0.9999757799322945,0.9999946666687334,0.996661101836394,0.9998029750763472,0.9982295662437297,0.9978506005145584,0.9995419730941522,57437,0.26358349680913606,16
bgl,ladder_full/L4,123,0.9999858355210531,0.999996962501177,0.997249238628549,1.0,0.9986227250368913,0.9983279651653203,0.9997039292813941,57437,0.5006044268608114,15
bgl,ladder_full/L4,256,0.9999940228993911,0.9999987218754952,0.9986221828560181,0.9996059501526943,0.9991138243402915,0.9989236517441137,0.9996549397170442,57437,0.48478690028190613,18
bgl,ladder_full/L4,42,0.9999831668597563,0.999996391668065,0.996659789763238,0.9994089252290415,0.9980324643384161,0.9976107787255662,0.9993449481704992,57437,0.308202382326129,12
bgl,ladder_full/L4,512,0.9999881260680331,0.9999974541676532,0.9970533346429624,1.0,0.9985244934094039,0.9982087791955572,0.9996827813729222,57437,0.19870445370676693,14
bgl,ladder_full/L5,1024,0.9999839720864717,0.999996562501332,0.9968575076107238,1.0,0.9984262811055375,0.9980896258193198,0.9996616334644504,57437,0.28228120207788954,14
bgl,ladder_full/L5,123,0.9999702721914989,0.9999939270856866,0.9967596229379418,1.0,0.9983771821981805,0.9980300613487998,0.9996510595102144,57437,0.22035269021990023,14
bgl,ladder_full/L5,256,0.9999829263154674,0.9999963479180818,0.9963682764036121,1.0,0.9981808348493043,0.9977918848709922,0.9996087636932707,57437,0.27563699126250146,14
bgl,ladder_full/L5,42,0.9999752321398487,0.9999946979187212,0.996661101836394,0.9998029750763472,0.9982295662437297,0.9978506005145584,0.9995419730941522,57437,0.5118897962570198,13
bgl,ladder_full/L5,512,0.9999868836997745,0.9999971895844224,0.9967596229379418,1.0,0.9983771821981805,0.9980300613487998,0.9996510595102144,57437,0.0873200994730039,13
bgl,ladder_full/L6,1024,0.9999693264046006,0.9999934354192105,0.9953912531868994,1.0,0.9976903041918522,0.9971970128116328,0.9995030241509115,57437,0.2422228372097164,11
bgl,ladder_full/L6,123,0.9999869428817265,0.999997200001085,0.9970533346429624,1.0,0.9985244934094039,0.9982087791955572,0.9996827813729222,57437,0.388133410215386,12
bgl,ladder_full/L6,256,0.9999920756918997,0.9999983020839913,0.9990136121522983,0.9977342133779923,0.9983735028833358,0.9980249127137499,0.9987613671466369,57437,0.5089513301849365,15
bgl,ladder_full/L6,42,0.9999700945458594,0.9999936145858077,0.9950985197529654,1.0,0.9975432389937107,0.9970187095196132,0.9994713022882037,57437,0.18510280549526237,12
bgl,ladder_full/L6,512,0.9999849954302962,0.9999967854179124,0.9970533346429624,1.0,0.9985244934094039,0.9982087791955572,0.9996827813729222,57437,0.2724687933921888,12
bgl,ladder_full/L7,1024,0.9999908858943115,0.9999980458340906,0.998327430145612,0.9996059501526943,0.9989662810730987,0.9987444994138961,0.9996232178543364,57437,0.5605517506599483,16
bgl,ladder_full/L7,123,0.9999610885288726,0.9999919145864664,0.9961727183513248,1.0,0.9980826901332285,0.9976728454468432,0.9995876157847989,57437,0.296476627588275,12
bgl,ladder_full/L7,256,0.9999363260987435,0.9999682291789779,0.9987202205158495,0.9994089252290415,0.9990644541828746,0.9988636217641264,0.9995670012094537,57437,0.5690720939636233,19
bgl,ladder_full/L7,42,0.9999898617329781,0.9999978333341729,0.9982286951387522,0.9993104127672151,0.998769261064343,0.9985050976129652,0.9994648752073609,57437,0.3563835048675613,16
bgl,ladder_full/L7,512,0.9999915851047306,0.9999981958340325,0.9981308411214953,0.9995074376908679,0.9988186650915535,0.9985652026865192,0.9995528137149514,57437,0.3494593596458587,20
bgl,ladder_full/L7b,1024,0.9999866026655352,0.9999971333344442,0.9979334776618776,0.9990148753817358,0.9984738837197854,0.9981462691077311,0.9992853846519134,57437,0.5237790226936346,14
bgl,ladder_full/L7b,123,0.9999811563862105,0.999995968751562,0.9969554115105087,1.0,0.9984753848423744,0.9981491984342428,0.9996722074186863,57437,0.41027835488326336,12
bgl,ladder_full/L7b,256,0.9998630828365259,0.9999123042006488,0.9987203464907963,0.9995074376908679,0.9991137370753324,0.9989235041879162,0.9996162574403669,57437,0.5552042603492737,21
bgl,ladder_full/L7b,42,0.9999810674511136,0.9999960062515476,0.9990139039542452,0.9980297507634716,0.9985215848610289,0.9982045786660346,0.9989091358393765,57437,0.630289988517762,13
bgl,ladder_full/L7b,512,0.9999885314332766,0.9999975479176169,0.9970533346429624,1.0,0.9985244934094039,0.9982087791955572,0.9996827813729222,57437,0.2624464464187813,13
bgl,mlm_baseline,42,0.9999038416151849,0.9999520604352432,0.9980314960629921,0.9989163629199094,0.9984737334449313,0.9981460543506637,0.9992467023752362,57437,0.4376796829701316,21
bgl_iter,ladder_final/L0,123,0.9978745889194307,0.9994539187227867,0.9829867674858223,0.9811320754716981,0.9820585457979226,0.9782138176406716,0.9887441753876709,6000,0.37333483886718755,10
bgl_iter,ladder_final/L0,42,0.9991828509186629,0.9998027270643953,0.9877474081055608,0.9886792452830189,0.9882131070249882,0.9856826488451506,0.9930238331678252,6000,0.3467106933593831,15
bgl_iter,ladder_final/L1,123,0.9995065932894847,0.9998892368802994,0.9859287054409006,0.9915094339622641,0.9887111947318908,0.9862863936700081,0.9942364983576503,6000,0.2342098388671875,14
bgl_iter,ladder_final/L1,42,0.9990527979313949,0.9997803834695591,0.9758139534883721,0.9896226415094339,0.9826697892271663,0.978955131737304,0.9921797418073486,6000,0.24044921874999936,15
bgl_iter,ladder_final/L2,123,0.9999537497623138,0.9999900695134063,0.9943714821763602,1.0,0.9971777986829727,0.9965760099129622,0.9993927125506072,6000,0.6721444059014334,10
bgl_iter,ladder_final/L2,42,0.9997241419519014,0.9999407990222289,0.9971563981042654,0.9924528301886792,0.9947990543735225,0.993690356885241,0.9959227713696432,6000,0.7788656691908833,9
bgl_iter,ladder_final/L3,123,0.9999822108588481,0.9999961805820792,0.9953051643192489,1.0,0.9976470588235294,0.997144809156743,0.9994939271255061,6000,0.2475900354087815,12
bgl_iter,ladder_final/L3,42,0.9999233641163788,0.999983767473837,0.9897292250233427,1.0,0.994838104176443,0.9937431129433193,0.9988866396761134,6000,0.0466463864780959,12
bgl_iter,ladder_final/L4,123,0.9999973300090957,0.9999994270873118,0.9962406015037594,1.0,0.9981167608286252,0.9977143523834539,0.9995951417004049,6000,0.1258474408092387,15
bgl_iter,ladder_final/L4,42,0.9997323070951996,0.9999444274692537,0.9915809167446211,1.0,0.9957726632221701,0.9948740587668533,0.9990890688259109,6000,0.3954413974881772,9
bgl_iter,ladder_final/L5,123,0.9999982208459479,0.9999996180582079,0.9990574929311969,1.0,0.9995285242809995,0.9994274633870655,0.9998987854251011,6000,0.5347916206121454,11
bgl_iter,ladder_final/L5,42,0.9994115135715098,0.9998804522190818,0.9943342776203966,0.9933962264150943,0.9938650306748467,0.9925495377331249,0.9960908257581544,6000,0.7465311621427543,9
bgl_iter,ladder_final/L6,123,0.9998969903701493,0.9999778473760598,0.9906542056074766,1.0,0.9953051643192489,0.9943082181706191,0.9989878542510122,6000,0.467171126961743,9
bgl_iter,ladder_final/L6,42,0.9999732010323643,0.9999942708731189,0.9953051643192489,1.0,0.9976470588235294,0.997144809156743,0.9994939271255061,6000,0.17143322980404013,14
bgl_iter,ladder_final/L7,123,0.9999937733723152,0.9999986632037278,0.9953051643192489,1.0,0.9976470588235294,0.997144809156743,0.9994939271255061,6000,0.1350060774535869,12
bgl_iter,ladder_final/L7,42,0.9994498126766393,0.9998915285310519,0.9906367041198502,0.9981132075471698,0.9943609022556391,0.9931557339130943,0.9980444580245971,6000,0.477748194992541,9
bgl_iter,ladder_final/L7b,123,0.9999982208459479,0.999999618058208,0.9971777986829727,1.0,0.9985869053226566,0.9982846413328312,0.9996963562753036,6000,0.07986142358939541,15
bgl_iter,ladder_final/L7b,42,0.9998744474352927,0.9999728821327629,0.9915254237288136,0.9933962264150943,0.9924599434495759,0.9908408335949547,0.9957871820334581,6000,0.5312972746789469,9
bgl_iter,ladder_final2/L2,123,0.9996795536460513,0.9999304865938431,0.9760589318600368,1.0,0.9878844361602982,0.9853536317419698,0.9973684210526316,6000,0.26936606933177154,9
bgl_iter,ladder_final2/L2,42,0.9995728753401849,0.9999110075624474,0.994328922495274,0.9924528301886792,0.9933899905571294,0.9919739269828503,0.9956191276449469,6000,0.7371483148634589,9
bgl_iter,ladder_final2/L3,123,0.9997708118319536,0.9999503475670308,0.9778393351800554,0.9990566037735849,0.9883341110592627,0.9858823523517499,0.9970991520892216,6000,0.3000489842072389,9
bgl_iter,ladder_final2/L3,42,0.9999344885857624,0.9999860591245894,0.9925093632958801,1.0,0.9962406015037594,0.995440636443608,0.9991902834008097,6000,0.22479666310548882,11
bgl_iter,ladder_final2/L4,123,0.9999964383302429,0.9999992361164158,0.9953051643192489,1.0,0.9976470588235294,0.997144809156743,0.9994939271255061,6000,0.11815762044508686,15
bgl_iter,ladder_final2/L4,42,0.9996849861401982,0.9999362157207241,0.9915809167446211,1.0,0.9957726632221701,0.9948740587668533,0.9990890688259109,6000,0.11608003878965716,9
bgl_iter,ladder_final2/L5,123,0.9999973300090957,0.9999994270873119,0.9953051643192489,1.0,0.9976470588235294,0.997144809156743,0.9994939271255061,6000,0.12846035955868215,15
bgl_iter,ladder_final2/L5,42,0.999550361711431,0.999908906882591,0.986046511627907,1.0,0.9929742388758782,0.9914900116858271,0.9984817813765182,6000,0.17936786368489055,9
bgl_iter,ladder_final2/L6,123,0.9997461135482612,0.9999448094110458,0.9760589318600368,1.0,0.9878844361602982,0.9853536317419698,0.9973684210526316,6000,0.24999249044060715,10
bgl_iter,ladder_final2/L6,42,0.9996608684438762,0.9999285768848827,0.994328922495274,0.9924528301886792,0.9933899905571294,0.9919739269828503,0.9956191276449469,6000,0.6549322235882682,9
bgl_iter,ladder_final2/L7,123,0.9999830908319519,0.9999963715529753,0.9971777986829727,1.0,0.9985869053226566,0.9982846413328312,0.9996963562753036,6000,0.27585314449667947,13
bgl_iter,ladder_final2/L7,42,0.999444725729592,0.9998857994041708,0.9952651515151515,0.9915094339622641,0.9933837429111532,0.9919699309481331,0.9952486441066382,6000,0.7660949588418013,9
bgl_iter,ladder_final2/L7b,123,0.9999715685829373,0.9999938889313269,0.9888059701492538,1.0,0.9943714821763602,0.9931787413789267,0.9987854251012146,6000,0.07008436337113329,11
bgl_iter,ladder_final2/L7b,42,0.999610805323772,0.9999161637766404,0.9905838041431262,0.9924528301886792,0.9915174363807728,0.9896958558584749,0.9952142693453518,6000,0.6580014901161211,9
bgl_iter,ladder_l2_maskstatus,123,0.9997570637576856,0.9999471010617982,0.977859778597786,1.0,0.9888059701492538,0.9864628948071585,0.9975708502024292,6000,0.5322889871895379,9
bgl_iter,ladder_l2_maskstatus,42,0.9997077730794292,0.9999394622259569,0.9915809167446211,1.0,0.9957726632221701,0.9948740587668533,0.9990890688259109,6000,0.4823086347580048,9
bgl_iter,ladder_l2_nostatus,123,0.9996467734093505,0.9999238026124819,0.9769585253456221,1.0,0.9883449883449883,0.9859079080998346,0.9974696356275303,6000,0.14545579530298722,9
bgl_iter,ladder_l2_nostatus,42,0.9996730600320205,0.9999320143610114,0.986046511627907,1.0,0.9929742388758782,0.9914900116858271,0.9984817813765182,6000,0.27304746353626286,9
bgl_iter,lf_0.01_ladder_l0,123,0.9452747945312204,0.9791395806279122,0.9129129129129129,0.8603773584905661,0.8858669256920836,0.8628042062825028,0.9213830112290887,6000,0.7648154296875003,14
bgl_iter,lf_0.01_ladder_l0,42,0.9737453190741695,0.988324516843633,0.9490316004077471,0.8783018867924528,0.912297893189613,0.895330330871831,0.934090214651287,6000,0.7813239746093745,20
bgl_iter,lf_0.01_ladder_l7,123,0.9603996590612868,0.9823621190130624,0.9865284974093265,0.8981132075471698,0.9402469135802469,0.9296290647216648,0.9477408142999006,6000,0.5865381166934976,18
bgl_iter,lf_0.01_ladder_l7,42,0.981681342626264,0.9900840271942557,0.9503407984420643,0.9207547169811321,0.9353138476281744,0.9218683645551795,0.9552154151707279,6000,0.545089046657086,18
bgl_iter,lf_0.05_ladder_l0,123,0.9869744784934437,0.9960176839049728,0.9838872104733132,0.9216981132075471,0.9517778860204579,0.9425684049090065,0.959229623405393,6000,0.33072900390625026,11
bgl_iter,lf_0.05_ladder_l0,42,0.971815661080455,0.9887456076693911,0.9398359161349134,0.9726415094339622,0.9559573481687529,0.9465162477337282,0.9796405927736613,6000,0.3861541748046875,19
bgl_iter,lf_0.05_ladder_l7,123,0.9931630275229711,0.9977387136200443,0.9853801169590644,0.9537735849056603,0.9693192713326941,0.9630532461346525,0.9753685738293484,6000,0.4327234634160996,11
bgl_iter,lf_0.05_ladder_l7,42,0.9865707659793481,0.9906813841570545,0.9504587155963303,0.9773584905660377,0.9637209302325581,0.955942145194592,0.9832136582384845,6000,0.29980849266052256,9
bgl_iter,lf_0.1_ladder_l0,123,0.991625065849806,0.9977356580857077,0.94337899543379,0.9745283018867924,0.9587006960556844,0.9498495991991714,0.9809888472996715,6000,0.5229028320312512,13
bgl_iter,lf_0.1_ladder_l0,42,0.97859777846755,0.9959381445267741,0.9723809523809523,0.9632075471698113,0.9677725118483412,0.9609129548867053,0.9786685509128409,6000,0.681727783203125,17
bgl_iter,lf_0.1_ladder_l7,123,0.9943275044036787,0.9987882896646552,0.9712092130518234,0.9547169811320755,0.9628924833491912,0.9550642733123145,0.9743220533190742,6000,0.7660484289526972,10
bgl_iter,lf_0.1_ladder_l7,42,0.9983321979707548,0.9996600718050569,0.9814643188137164,0.9990566037735849,0.9901823281907434,0.9881106582872777,0.9975040103888166,6000,0.1554358851909638,15
bgl_synth,ladder_l0,123,0.9634957345722109,0.9464942226890757,0.9639175257731959,0.9166666666666666,0.9396984924623115,0.8880316994060301,0.9426133937662167,800,0.4712540283203125,11
bgl_synth,ladder_l0,42,0.9638213276510342,0.9466755452180873,0.9566326530612245,0.9191176470588235,0.9375,0.8830152892817967,0.9404703254836273,800,0.46514697265625,15
bgl_synth,ladder_l2,123,0.9643712460819904,0.9459158663465387,0.959079283887468,0.9191176470588235,0.9386733416770964,0.8854384017909175,0.9415931783098499,800,0.5073557582497596,12
bgl_synth,ladder_l2,42,0.9647005889336078,0.9477228391356542,0.9543147208121827,0.9215686274509803,0.9376558603491272,0.8828925429167402,0.9405729628534829,800,0.3424037683308127,30
bgl_synth,ladder_l2_bsup,123,0.9645359001588139,0.9460878101240496,0.959079283887468,0.9191176470588235,0.9386733416770964,0.8854384017909175,0.9415931783098499,800,0.5064921006262303,12
bgl_synth,ladder_l2_bsup,42,0.964329190825576,0.9472914165666266,0.9543147208121827,0.9215686274509803,0.9376558603491272,0.8828925429167402,0.9405729628534829,800,0.4403532862365247,29
bgl_synth,ladder_l2_bsup2,123,0.9370831898142945,0.9120281480528787,0.9330708661417323,0.8665447897623401,0.8985781990521327,0.8139305612294914,0.9047966829883727,1144,0.4120475509762763,20
bgl_synth,ladder_l2_bsup2,42,0.941625427959613,0.9157518243257727,0.9464285714285714,0.8720292504570384,0.9077069457659372,0.8319125580853028,0.9134015599018861,1144,0.4086161467432974,20
bgl_synth,ladder_l2_bsup3,123,0.939872873256883,0.9130386851993054,0.9407114624505929,0.870201096892139,0.9040835707502374,0.824674406782916,0.909974920305366,1144,0.5109982258081436,15
bgl_synth,ladder_l2_bsup3,42,0.9561331225515842,0.9464323445380467,0.9125475285171103,0.8775137111517367,0.8946877912395154,0.8022954367320451,0.9002308924267897,1144,0.3035233247280121,21
bgl_synth,ladder_l7,123,0.9648189568187601,0.9477165866346539,0.959079283887468,0.9191176470588235,0.9386733416770964,0.8854384017909175,0.9415931783098499,800,0.4418058175444603,17
bgl_synth,ladder_l7,42,0.9650783674933796,0.9481855242096838,0.959079283887468,0.9191176470588235,0.9386733416770964,0.8854384017909175,0.9415931783098499,800,0.3622549613714218,26
bgl_synth,ladder_l7_bsup,123,0.9646928927173148,0.9475977891156463,0.959079283887468,0.9191176470588235,0.9386733416770964,0.8854384017909175,0.9415931783098499,800,0.41865628585219383,17
bgl_synth,ladder_l7_bsup,42,0.9654094677403187,0.9487419967987195,0.9640102827763496,0.9191176470588235,0.9410288582183187,0.890302343482972,0.9438388839622951,800,0.4573301892876625,16
bgl_synth,ladder_l7_bsup2,123,0.9428215721840091,0.9183149139971644,0.9555555555555556,0.8647166361974405,0.9078694817658349,0.8346718715880168,0.9139328574622043,1144,0.4145446342229844,20
bgl_synth,ladder_l7_bsup2,42,0.939695428106419,0.9245710576036796,0.8964879852125693,0.886654478976234,0.8915441176470589,0.7932603359093598,0.8964260669588038,1144,0.30514325988292695,22
bgl_synth,ladder_l7_bsup3,123,0.9475679927714624,0.9261358590637527,0.92,0.8829981718464351,0.9011194029850746,0.8146245147005748,0.9063232065262327,1144,0.2961666239351034,23
bgl_synth,ladder_l7_bsup3,42,0.943541190867919,0.9266105052991955,0.8763636363636363,0.8811700182815356,0.8787602552415679,0.7671015809545951,0.8836335853551731,1144,0.2878110352158547,21
bgl_temporal,temporal/L0,123,0.504400631753912,0.7479596636766276,0.4152917264466762,0.682584131662982,0.5163999925665756,0.31080694468958875,0.6757649038751532,79445,0.061004577636719404,8
bgl_temporal,temporal/L0,42,0.5035476230063022,0.7468273082552837,0.3804390435123481,0.7628592483419308,0.5076915531869677,0.2925083042117517,0.6674509475759408,79445,0.1568170776367186,8
bgl_temporal,temporal/L7,123,0.6443143717856185,0.7999384457774985,0.4938863067572399,0.6786538933922869,0.5717123642007242,0.4013274319548642,0.7195435654133544,79445,0.0308438241481781,8
bgl_temporal,temporal/L7,42,0.6646189695136193,0.8199439089683254,0.4446537235583889,0.7538688282977155,0.5593730064704274,0.3782895122366726,0.7147665346430192,79445,0.22387588024139404,8
hdfs,ablation_boundary_detach,1024,0.9996656807801042,0.9999944590173164,1.0,0.9541666666666667,0.976545842217484,0.9764828891733676,0.9770833333333333,115013,0.7304396033287048,13
hdfs,ablation_boundary_detach,123,0.9996941877348458,0.999995015741643,0.9039913700107874,0.9976190476190476,0.9485002829654782,0.9488856613990877,0.9980242273821813,115013,0.4905643966794014,15
hdfs,ablation_boundary_detach,256,0.9985098717449942,0.9999779831285218,0.9993986770895971,0.9892857142857143,0.9943164822016153,0.994245904455443,0.9946384453651755,115013,0.6847805380821228,12
hdfs,ablation_boundary_detach,42,0.9989399912854577,0.9999855776886739,0.9993990384615384,0.9898809523809524,0.9946172248803827,0.9945495429848121,0.9949360644127945,115013,0.6236893534660339,12
hdfs,ablation_boundary_detach,512,0.9969238696114922,0.9999688496982974,0.9969915764139591,0.9863095238095239,0.9916217833632556,0.9915130756862873,0.9931327030163535,115013,0.686156690120697,12
hdfs,ablation_boundary_fixed_window,1024,0.9992901676891073,0.9999888970261677,0.9260077305356157,0.9982142857142857,0.9607562303065025,0.9608500671164676,0.9985159646477952,115013,0.21112877957521956,15
hdfs,ablation_boundary_fixed_window,123,0.9996149970101725,0.9999936764519897,0.9670900692840647,0.9970238095238095,0.9818288393903869,0.9816727813870147,0.9982604334340479,115013,0.2995920941233377,17
hdfs,ablation_boundary_fixed_window,256,0.9996204506083883,0.9999940388480134,1.0,0.9488095238095238,0.9737324373854612,0.9736991776859454,0.9744047619047619,115013,0.7870707004070295,12
hdfs,ablation_boundary_fixed_window,42,0.9991292869450978,0.9999858770593023,0.8903672166045768,0.9958333333333333,0.9401517280134869,0.9407324124478932,0.9970078404642366,115013,0.5090067729353409,15
hdfs,ablation_boundary_fixed_window,512,0.9996291155282917,0.9999942069157346,0.9899109792284867,0.9928571428571429,0.9913818722139673,0.9912550551303568,0.9963535712079825,115013,0.43038964256644235,12
hdfs,ablation_candidates_nograph,1024,0.9983957415079607,0.9999703623077884,1.0,0.9886904761904762,0.9943130799161928,0.9942458209294788,0.9943452380952381,115013,0.6859270930290222,16
hdfs,ablation_candidates_nograph,123,0.9982249309433802,0.9999763287118912,0.9964093357271095,0.9910714285714286,0.9937332139659804,0.9936442614845794,0.9955092436196241,115013,0.6246044039726257,12
hdfs,ablation_candidates_nograph,256,0.9998171458454159,0.9999971822396116,1.0,0.9845238095238096,0.9922015596880623,0.9921179361944031,0.9922619047619048,115013,0.7396178841590881,14
hdfs,ablation_candidates_nograph,42,0.9987952799546463,0.9999780671623825,1.0,0.9880952380952381,0.9940119760479041,0.9939421002253446,0.9940476190476191,115013,0.6893534660339355,13
hdfs,ablation_candidates_nograph,512,0.9994965472541031,0.9999911606882878,0.952191235059761,0.9958333333333333,0.9735234215885947,0.9733737844344892,0.997546077341404,115013,0.027503356812521706,21
hdfs,ablation_shortcuts_entity_unk,1024,0.9984880376562819,0.9992747825308731,0.8996242619431025,0.9976190476190476,0.9460908834321197,0.9465530657140346,0.997984521383046,115013,0.4297853200137614,24
hdfs,ablation_shortcuts_entity_unk,123,0.9998059549659714,0.9999970062937159,0.9899348727057431,0.9952380952380953,0.9925794004155536,0.9924727498305136,0.9975440473984587,115013,0.49162467718124225,15
hdfs,ablation_shortcuts_entity_unk,256,0.9992735331081573,0.9999877284302938,1.0,0.9910714285714286,0.9955156950672646,0.9954598305938033,0.9955357142857143,115013,0.7050343751907349,22
hdfs,ablation_shortcuts_entity_unk,42,0.9990602384467198,0.9999829358741812,1.0,0.9833333333333333,0.9915966386554622,0.991509178701144,0.9916666666666667,115013,0.7106064558029175,14
hdfs,ablation_shortcuts_entity_unk,512,0.9995715056525882,0.9999932772911517,0.9564719358533792,0.9940476190476191,0.9748978400467017,0.9747048515119618,0.9966885144200004,115013,0.5106655803322786,12
hdfs,ablation_shortcuts_mask_status_words,1024,0.9968448573254327,0.9999649316195468,0.9970077797725913,0.9916666666666667,0.994330050731125,0.994249923639657,0.9958112744449248,115013,0.6693432331085205,12
hdfs,ablation_shortcuts_mask_status_words,123,0.9979696928849786,0.9999731511815371,0.9928613920285544,0.993452380952381,0.9931567985718536,0.9930553725146289,0.9966732491440101,115013,0.5039664447307586,13
hdfs,ablation_shortcuts_mask_status_words,256,0.9989961590974255,0.9999825052006455,0.9429700734048561,0.9940476190476191,0.9678354100260794,0.9676926676169214,0.9965782199779579,115013,0.05157323177902536,17
hdfs,ablation_shortcuts_mask_status_words,42,0.9947857579727084,0.9978774780009857,0.9570200573065902,0.9940476190476191,0.9751824817518249,0.9749884528220533,0.9966929261976821,115013,0.4995500320196147,20
hdfs,ablation_shortcuts_mask_status_words,512,0.9969144968541692,0.9999616805595646,0.9976033553025764,0.9910714285714286,0.9943266646760227,0.9942483686938397,0.9955180671749875,115013,0.6083725094795227,13
hdfs,ablation_shortcuts_no_action_prior,1024,0.9989389884332109,0.9999813707435274,0.9702970297029703,0.9916666666666667,0.98086546953194,0.9806386191737523,0.9956083326715667,115013,0.5399703961610721,20
hdfs,ablation_shortcuts_no_action_prior,123,0.9989519027867032,0.9999811606588758,1.0,0.9892857142857143,0.9946140035906643,0.9945494542382902,0.9946428571428572,115013,0.7233997583389282,14
hdfs,ablation_shortcuts_no_action_prior,256,0.998794903668813,0.999982896483309,0.9993993993993994,0.9904761904761905,0.9949177877428999,0.9948530941961626,0.9952336834604136,115013,0.7172946929931641,13
hdfs,ablation_shortcuts_no_action_prior,42,0.9963903399388043,0.9987641796635537,0.9681159420289855,0.9940476190476191,0.9809104258443465,0.9807118957356855,0.996781161751316,115013,0.0861420670151709,23
hdfs,ablation_shortcuts_no_action_prior,512,0.9989900135781123,0.9999817068789698,1.0,0.9910714285714286,0.9955156950672646,0.9954598305938033,0.9955357142857143,115013,0.7782250046730042,22
hdfs,ablation_shortcuts_no_entity_embed,1024,0.9969106594633934,0.9999645797277554,0.9548829240434038,0.9952380952380953,0.9746429612357913,0.9744742191890535,0.9972705171821934,115013,0.501111995577812,13
hdfs,ablation_shortcuts_no_entity_embed,123,0.9990935776882376,0.9999833560434841,1.0,0.9857142857142858,0.9928057553956835,0.9927263418480972,0.9928571428571429,115013,0.7536901235580444,15
hdfs,ablation_shortcuts_no_entity_embed,256,0.9937890737083065,0.9999313338316542,0.9934445768772348,0.9922619047619048,0.9928528886241811,0.9927471882668161,0.9960824228264538,115013,0.5801153779029846,12
hdfs,ablation_shortcuts_no_entity_embed,42,0.9988701625203426,0.9999797530917108,1.0,0.9857142857142858,0.9928057553956835,0.9927263418480972,0.9928571428571429,115013,0.6901390552520752,13
hdfs,ablation_shortcuts_no_entity_embed,512,0.9993672373499604,0.9999895587928199,1.0,0.9916666666666667,0.99581589958159,0.9957631151217363,0.9958333333333333,115013,0.6960241198539734,14
hdfs,ablation_shortcuts_no_entity_prior,1024,0.999821478397746,0.9999972268826002,0.9922894424673784,0.9958333333333333,0.994058229352347,0.9939716181299292,0.9978593135568046,115013,0.0865096561983225,20
hdfs,ablation_shortcuts_no_entity_prior,123,0.9986072962188248,0.9999739389989803,1.0,0.9821428571428571,0.990990990990991,0.9909000687187258,0.9910714285714286,115013,0.7069136500358582,20
hdfs,ablation_shortcuts_no_entity_prior,256,0.9987258381741505,0.9999764232499844,0.9488636363636364,0.9940476190476191,0.9709302325581395,0.9707597152610151,0.9966267495324566,115013,0.5120596566796299,18
hdfs,ablation_shortcuts_no_entity_prior,42,0.9942661842234339,0.9980881351331705,0.9928613920285544,0.993452380952381,0.9931567985718536,0.9930553725146289,0.9966732491440101,115013,0.2286630117148146,17
hdfs,ablation_shortcuts_no_entity_prior,512,0.9995721121928517,0.9999921218255683,1.0,0.9904761904761905,0.9952153110047847,0.9951564589904716,0.9952380952380953,115013,0.7057207822799683,19
hdfs,ablation_shortcuts_no_status_source,1024,0.9969646003147848,0.9999635555650794,0.9970077797725913,0.9916666666666667,0.994330050731125,0.994249923639657,0.9958112744449248,115013,0.5557968020439148,13
hdfs,ablation_shortcuts_no_status_source,123,0.9986939572003874,0.9999778360692657,0.9993990384615384,0.9898809523809524,0.9946172248803827,0.9945495429848121,0.9949360644127945,115013,0.6218824982643127,23
hdfs,ablation_shortcuts_no_status_source,256,0.998731463862317,0.9999768171587059,0.9934562760261749,0.9940476190476191,0.9937518595656055,0.9936592571294071,0.9969752799693108,115013,0.14595059923823503,23
hdfs,ablation_shortcuts_no_status_source,42,0.9984184627445675,0.9999752152632381,0.9993972272453285,0.986904761904762,0.9931117100928422,0.9930304755526486,0.9934479691746994,115013,0.6808192133903503,12
hdfs,ablation_shortcuts_no_status_source,512,0.9990218748370292,0.9999819327199702,1.0,0.986904761904762,0.9934092270820851,0.993334396309854,0.993452380952381,115013,0.726006269454956,13
hdfs,ablation_shortcuts_shuffle_entity,1024,0.9981650732598852,0.9999739179905149,0.9987944544906571,0.9863095238095239,0.992512728361785,0.9924226590596927,0.9931459383493986,115013,0.7286601066589355,16
hdfs,ablation_shortcuts_shuffle_entity,123,0.9995708874927853,0.9999931092234304,1.0,0.9875,0.9937106918238994,0.9936382920456044,0.99375,115013,0.7409729361534119,20
hdfs,ablation_shortcuts_shuffle_entity,256,0.9987655428036352,0.9999783087597316,0.9993990384615384,0.9898809523809524,0.9946172248803827,0.9945495429848121,0.9949360644127945,115013,0.7384775280952454,14
hdfs,ablation_shortcuts_shuffle_entity,42,0.9989317242240872,0.9999817436437839,0.9582140812821981,0.9964285714285714,0.9769477677268749,0.9767916535169272,0.9978922259435217,115013,0.6211074563860877,18
hdfs,ablation_shortcuts_shuffle_entity,512,0.9982881641496537,0.9999724316416058,0.9970041941282205,0.9904761904761905,0.9937294714840251,0.9936423491049627,0.9952160363496867,115013,0.6633392572402954,15
hdfs,ablation_shortcuts_template_time_only,1024,0.9958381433673047,0.9999528780126664,0.9958033573141487,0.9886904761904762,0.9922341696535245,0.9921260334335996,0.9943143556514662,115013,0.7057515978813171,14
hdfs,ablation_shortcuts_template_time_only,123,0.9993031257768182,0.9999883718145389,1.0,0.9857142857142858,0.9928057553956835,0.9927263418480972,0.9928571428571429,115013,0.7490231990814209,23
hdfs,ablation_shortcuts_template_time_only,256,0.9987205478940188,0.999976013584914,1.0,0.9851190476190477,0.992503748125937,0.992422182960673,0.9925595238095238,115013,0.7117074131965637,13
hdfs,ablation_shortcuts_template_time_only,42,0.9987921513716159,0.9999812026758063,0.9993990384615384,0.9898809523809524,0.9946172248803827,0.9945495429848121,0.9949360644127945,115013,0.6279013752937317,13
hdfs,ablation_shortcuts_template_time_only,512,0.9990763872485572,0.9999887289584465,0.9993990384615384,0.9898809523809524,0.9946172248803827,0.9945495429848121,0.9949360644127945,115013,0.6418190002441406,12
hdfs,baseline_gnn_flat,1024,0.9994579510108017,0.9999913707729392,0.7759815242494227,1.0,0.8738621586475943,0.8790112456723356,0.997860287824376,115013,0.12395824540043235,13
hdfs,baseline_gnn_flat,123,0.9592564581757435,0.9993623090488083,0.7913330193122939,1.0,0.8835130160399685,0.8878287160760162,0.9980455824870074,115013,0.01346791049279278,19
hdfs,baseline_gnn_flat,256,0.9785193696266979,0.9996658813702395,0.8786610878661087,1.0,0.9354120267260579,0.936409318430288,0.9989764675778459,115013,0.16477760536968789,13
hdfs,baseline_gnn_flat,42,0.9968164476628605,0.9999455513104449,0.7843137254901961,1.0,0.8791208791208791,0.8838079453436902,0.997961758711055,115013,0.014974587087054266,15
hdfs,baseline_gnn_flat,512,0.999301428718484,0.9999884138314693,0.9173960612691466,0.9982142857142857,0.9561003420752565,0.9562997084846389,0.9984409644272063,115013,0.5314011170863929,13
hdfs,baseline_tcn,1024,0.9986713588180838,0.9999789810306163,0.8870116156282999,1.0,0.940123111359821,0.9409233359117132,0.9990558795761164,115013,0.05177481522784222,12
hdfs,baseline_tcn,123,0.9997293100261363,0.9999958140633187,0.9003215434083601,1.0,0.9475465313028765,0.9480738117517533,0.999179409351204,115013,0.32429330453275745,13
hdfs,baseline_tcn,256,0.9991216143404372,0.99998627622014,0.8972162740899358,0.9976190476190476,0.9447576099210823,0.9452644294968284,0.9979624624946376,115013,0.3357817411421645,13
hdfs,baseline_tcn,42,0.9972570574843135,0.9999592488297234,0.9322222222222222,0.9988095238095238,0.964367816091954,0.9644124093658071,0.9988665250275945,115013,0.24141385532910417,12
hdfs,baseline_tcn,512,0.9992329550138763,0.9999882720243295,0.9394957983193277,0.9982142857142857,0.9679653679653679,0.9679340978261385,0.9986306708675194,115013,0.07166960503905748,14
hdfs,baseline_transformer,1024,0.9997939802081308,0.9999965283511337,0.8740239458615304,0.9994047619047619,0.932518744793113,0.933610503164655,0.9986347307534098,115013,0.1344517171382904,12
hdfs,baseline_transformer,123,0.9995310015514596,0.9999919747663123,0.9325905292479109,0.9964285714285714,0.9634532374100719,0.9634372937892174,0.9976804606148002,115013,0.16063519375028446,13
hdfs,baseline_transformer,256,0.9996387886577175,0.9999941491424554,1.0,0.944047619047619,0.9712186160440907,0.9712184416708165,0.9720238095238095,115013,0.9213786125183105,13
hdfs,baseline_transformer,42,0.9996594277638102,0.9999943119580604,0.8454957221942627,1.0,0.9162803381510771,0.9182621721228494,0.9986455842517183,115013,0.01997495944052958,15
hdfs,baseline_transformer,512,0.9993696711434168,0.999988613411888,0.8825079030558483,0.9970238095238095,0.9362772498602572,0.9370704018278371,0.9975280783388858,115013,0.11402895431964735,16
hdfs,ladder_full/L0,1024,0.9993386303009743,0.9999893644645172,0.877742946708464,1.0,0.9348914858096828,0.9359116733714498,0.9989676440224824,115013,0.09963720703124324,15
hdfs,ladder_full/L0,123,0.9976153032190382,0.9999614284579829,0.8366533864541833,1.0,0.911062906724512,0.9133630198350859,0.9985529369204027,115013,0.01406097412109375,13
hdfs,ladder_full/L0,256,0.9996719176458561,0.9999947452576542,0.9549600912200684,0.9970238095238095,0.9755387303436226,0.9754016087414579,0.9981633743250505,115013,0.19061706542967727,14
hdfs,ladder_full/L0,42,0.9993880108208045,0.9999903282278562,0.8898305084745762,1.0,0.9417040358744395,0.9424422544503288,0.9990823502422066,115013,0.027853302001953573,15
hdfs,ladder_full/L0,512,0.9958122151157915,0.9999374052780827,0.8743482794577685,0.9982142857142857,0.9321845469705392,0.9332208952227959,0.9980439044358533,115013,0.27418945312496135,11
hdfs,ladder_full/L1,1024,0.9995622255165258,0.9999922111115453,0.9699074074074074,0.9976190476190476,0.9835680751173709,0.9834215156797799,0.9985801113700754,115013,0.0252304687500029,19
hdfs,ladder_full/L1,123,0.9981588893199845,0.9999706012790794,0.8472012102874432,1.0,0.9172809172809173,0.9192041047951329,0.9986632313624452,115013,0.02450666046142813,13
hdfs,ladder_full/L1,256,0.9963077829763274,0.9999438391205352,0.8851422550052687,1.0,0.9390721073225266,0.939914705085795,0.9990382324653896,115013,0.037439331054686775,15
hdfs,ladder_full/L1,42,0.9996072531261703,0.9999938208851874,0.9555302166476625,0.9976190476190476,0.9761211415259173,0.9759929837161577,0.9984654051503512,115013,0.2683988037109408,13
hdfs,ladder_full/L1,512,0.9993773966518071,0.999989850285274,0.7738369415016122,1.0,0.8725006491820306,0.8777724060892329,0.9978338171582858,115013,0.0094146728515625,25
hdfs,ladder_full/L2,1024,0.9964352132453086,0.9999591280310488,0.9446952595936795,0.9964285714285714,0.9698725376593279,0.9697688965440913,0.9977819315014792,115013,0.3137798655033106,27
hdfs,ladder_full/L2,123,0.9352481290500916,0.9987984418441567,0.7749077490774908,1.0,0.8731808731808732,0.8783911871494621,0.9978470524913309,115013,0.49832212924957275,14
hdfs,ladder_full/L2,256,0.997488596493931,0.9992607226155708,0.9964028776978417,0.9892857142857143,0.992831541218638,0.9927322319816579,0.994616386476767,115013,0.49983566999435425,25
hdfs,ladder_full/L2,42,0.9995850243018197,0.9999926050202669,0.9988009592326139,0.9916666666666667,0.995221027479092,0.9951570261738912,0.9958245097779699,115013,0.11443034995347169,21
hdfs,ladder_full/L2,512,0.9973373684884643,0.9992588581142886,0.993452380952381,0.993452380952381,0.993452380952381,0.9933553218433836,0.9966776609216919,115013,0.013059415854513645,24
hdfs,ladder_full/L3,1024,0.9979380006871996,0.999968623857297,0.9946172248803827,0.9898809523809524,0.9922434367541766,0.9921316450399053,0.9949007701913409,115013,0.49998581409454346,30
hdfs,ladder_full/L3,123,0.9343295556699773,0.998782052615281,0.7749077490774908,1.0,0.8731808731808732,0.8783911871494621,0.9978470524913309,115013,0.4995095133781433,17
hdfs,ladder_full/L3,256,0.9972368322796219,0.9998628567394946,0.990515708358032,0.9946428571428572,0.9925749925749926,0.9924669042538089,0.9972508401285214,115013,0.1425216935574988,22
hdfs,ladder_full/L3,42,0.9349877560977351,0.9987903404547828,0.7732101616628175,0.9964285714285714,0.87074122236671,0.8758116915186285,0.9960481028725715,115013,0.05206664651632309,14
hdfs,ladder_full/L3,512,0.9832055173355214,0.9997501830887738,0.8127742564602632,0.9922619047619048,0.8935942106673814,0.8964470150761782,0.99443682975118,115013,0.011855138880199945,21
hdfs,ladder_full/L4,1024,0.9355271082065817,0.9988025647554426,0.7739251040221914,0.9964285714285714,0.8711943793911007,0.8762243252394744,0.9960569264279349,115013,0.08787158131599426,16
hdfs,ladder_full/L4,123,0.9349248278512517,0.9987919554805413,0.7738369415016122,1.0,0.8725006491820306,0.8777724060892329,0.9978338171582858,115013,0.042284907903523655,15
hdfs,ladder_full/L4,256,0.9349850550968039,0.9987949623171161,0.7752653437932626,1.0,0.87340785027294,0.8785977311654011,0.9978514642690126,115013,0.499958872795105,19
hdfs,ladder_full/L4,42,0.9352286254565322,0.9987977328084578,0.7749077490774908,1.0,0.8731808731808732,0.8783911871494621,0.9978470524913309,115013,0.49872592091560364,15
hdfs,ladder_full/L4,512,0.9351574587215723,0.9987914040083311,0.7732101616628175,0.9964285714285714,0.87074122236671,0.8758116915186285,0.9960481028725715,115013,0.4463445842266083,16
hdfs,ladder_full/L5,1024,0.9356176464753027,0.9988001067650198,0.7749077490774908,1.0,0.8731808731808732,0.8783911871494621,0.9978470524913309,115013,0.49734420561790466,15
hdfs,ladder_full/L5,123,0.9348991648520435,0.998792717037403,0.7749077490774908,1.0,0.8731808731808732,0.8783911871494621,0.9978470524913309,115013,0.498927503824234,15
hdfs,ladder_full/L5,256,0.9351816240205804,0.9987908840488187,0.7732101616628175,0.9964285714285714,0.87074122236671,0.8758116915186285,0.9960481028725715,115013,0.015109064988791943,14
hdfs,ladder_full/L5,42,0.9344509554936328,0.9987879691242789,0.7738369415016122,1.0,0.8725006491820306,0.8777724060892329,0.9978338171582858,115013,0.07116825133562088,13
hdfs,ladder_full/L5,512,0.9348263931964436,0.9987947154676505,0.7749077490774908,1.0,0.8731808731808732,0.8783911871494621,0.9978470524913309,115013,0.49760398268699646,14
hdfs,ladder_full/L6,1024,0.8191948194028902,0.9973286160925684,0.7749077490774908,1.0,0.8731808731808732,0.8783911871494621,0.9978470524913309,115013,0.1715807641291115,12
hdfs,ladder_full/L6,123,0.9355599197887849,0.9988023651750235,0.7738369415016122,1.0,0.8725006491820306,0.8777724060892329,0.9978338171582858,115013,0.004143852274864912,16
hdfs,ladder_full/L6,256,0.9931214496928528,0.9999256825545285,0.9681712962962963,0.9958333333333333,0.9818075117370892,0.981634298709674,0.9976740188941733,115013,0.07739685975015102,22
hdfs,ladder_full/L6,42,0.9341739650011086,0.9987773414669707,0.7749077490774908,1.0,0.8731808731808732,0.8783911871494621,0.9978470524913309,115013,0.3837732850894992,22
hdfs,ladder_full/L6,512,0.9345879124653711,0.9987836650149812,0.7732101616628175,0.9964285714285714,0.87074122236671,0.8758116915186285,0.9960481028725715,115013,0.2842154800891876,16
hdfs,ladder_full/L7,1024,0.9989119899448369,0.9999796375451525,0.9893428063943162,0.9946428571428572,0.9919857524487978,0.991870275807787,0.9972420165731579,115013,0.5681047827005365,17
hdfs,ladder_full/L7,123,0.9986811374229354,0.9999758245087275,1.0,0.9904761904761905,0.9952153110047847,0.9951564589904716,0.9952380952380953,115013,0.6878131031990051,18
hdfs,ladder_full/L7,256,0.998729155944371,0.9999826365035527,0.9993964996982498,0.9857142857142858,0.9925082409349716,0.9924222351030683,0.9928527310794613,115013,0.7262328267097473,13
hdfs,ladder_full/L7,42,0.9956409939436255,0.9986847807955737,0.9964243146603099,0.9952380952380953,0.9958308516974389,0.9957692692637488,0.9975925769529574,115013,0.0381338593550026,29
hdfs,ladder_full/L7,512,0.9950744461696219,0.9999442802983034,0.9922341696535245,0.9886904761904762,0.9904591532498509,0.9903196124092665,0.994287884985376,115013,0.5768218040466309,12
hdfs,ladder_full/L7b,1024,0.9977111028869152,0.9992732121481029,0.9731465265615878,0.9922619047619048,0.9826112584733274,0.9823988175392727,0.9959280106075943,115013,0.5325453919172287,22
hdfs,ladder_full/L7b,123,0.9987565651323574,0.9999768119065896,1.0,0.9886904761904762,0.9943130799161928,0.9942458209294788,0.9943452380952381,115013,0.6867159605026245,15
hdfs,ladder_full/L7b,256,0.99956133608346,0.9999922898932896,1.0,0.9886904761904762,0.9943130799161928,0.9942458209294788,0.9943452380952381,115013,0.688062310218811,15
hdfs,ladder_full/L7b,42,0.9989709228359236,0.9999806669599449,0.9952238805970149,0.9922619047619048,0.9937406855439642,0.9936491768362516,0.9960956581594989,115013,0.5641407358646393,14
hdfs,ladder_full/L7b,512,0.9991548968251727,0.9999841070961134,0.9228224917309813,0.9964285714285714,0.9582140812821981,0.9582974419996602,0.9975966368388478,115013,0.06461428053671073,30
openstack,baseline_gnn_flat,1024,0.999923555804263,0.9999071753457719,0.991304347826087,1.0,0.9956331877729258,0.9903607194994146,0.9947089947089947,417,0.0897942974567415,22
openstack,baseline_gnn_flat,123,0.9999235558042627,0.9999071753457719,0.9827586206896551,1.0,0.991304347826087,0.9807953387135642,0.9894179894179894,417,0.25792011904716505,14
openstack,baseline_gnn_flat,256,0.999923555804263,0.9999071753457718,0.991304347826087,1.0,0.9956331877729258,0.9903607194994146,0.9947089947089947,417,0.07682190698385251,22
openstack,baseline_gnn_flat,42,0.9998858311787374,0.9998607630186578,0.987012987012987,1.0,0.9934640522875817,0.9855689291994025,0.9920634920634921,417,0.4885095877647395,13
openstack,baseline_gnn_flat,512,0.9997381501580831,0.9996751137102015,1.0,0.9912280701754386,0.9955947136563876,0.9903780685451778,0.9956140350877193,417,0.4362293176651001,11
openstack,baseline_tcn,1024,0.9997745960587615,0.9997215260373155,1.0,0.9912280701754386,0.9955947136563876,0.9903780685451778,0.9956140350877193,417,0.35743089914323145,14
openstack,baseline_tcn,123,0.9997762361324334,0.9997215260373156,1.0,0.9912280701754386,0.9955947136563876,0.9903780685451778,0.9956140350877193,417,0.4233929481506472,14
openstack,baseline_tcn,256,0.9997745960587615,0.9997215260373155,1.0,0.9912280701754386,0.9955947136563876,0.9903780685451778,0.9956140350877193,417,0.3675107741355954,13
openstack,baseline_tcn,42,0.9998334443704199,0.9997911445279867,0.9956140350877193,0.9956140350877193,0.9956140350877193,0.990323029796714,0.995161514898357,417,0.45606469893455504,12
openstack,baseline_tcn,512,0.9997981355061296,0.9997447322008726,1.0,0.9956140350877193,0.9978021978021978,0.995175341946753,0.9978070175438596,417,0.5300573773384094,12
openstack,baseline_transformer,1024,0.999923555804263,0.9999071753457719,0.991304347826087,1.0,0.9956331877729258,0.9903607194994146,0.9947089947089947,417,0.2560597875118256,28
openstack,baseline_transformer,123,0.9998501175484438,0.9998143506915437,0.9956140350877193,0.9956140350877193,0.9956140350877193,0.990323029796714,0.995161514898357,417,0.27299185419082644,16
openstack,baseline_transformer,256,0.9999058805812815,0.9998839691822148,1.0,0.9956140350877193,0.9978021978021978,0.995175341946753,0.9978070175438596,417,0.2024135023355484,17
openstack,baseline_transformer,42,1.0000000000000002,1.0,1.0,1.0,1.0,1.0,1.0,417,0.289397433757782,16
openstack,baseline_transformer,512,0.9998130178528998,0.9997679383644296,0.9912663755458515,0.9956140350877193,0.9934354485776805,0.9854895193167318,0.9925160122528544,417,0.25101935958862315,12
openstack,entholdout20/L7,123,1.0,1.0,1.0,1.0,1.0,1.0,1.0,417,0.37565444850921637,15
openstack,entholdout20/L7,42,1.0,1.0,1.0,1.0,1.0,1.0,1.0,417,0.338879020214083,21
openstack,ladder_full/L0,1024,1.0,1.0,1.0,1.0,1.0,1.0,1.0,417,0.39481640625000003,14
openstack,ladder_full/L0,123,1.0,1.0,1.0,1.0,1.0,1.0,1.0,417,0.468763671875,22
openstack,ladder_full/L0,256,0.9999235558042628,0.9999071753457719,0.991304347826087,1.0,0.9956331877729258,0.9903607194994146,0.9947089947089947,417,0.4350859375,15
openstack,ladder_full/L0,42,1.0,1.0,1.0,1.0,1.0,1.0,1.0,417,0.4053964843750001,14
openstack,ladder_full/L0,512,1.0,1.0,1.0,1.0,1.0,1.0,1.0,417,0.46077539062500006,12
openstack,ladder_full/L1,1024,1.0,1.0,1.0,1.0,1.0,1.0,1.0,417,0.44976171875000004,16
openstack,ladder_full/L1,123,0.9998875393612235,0.9999303815093289,1.0,0.9956140350877193,0.9978021978021978,0.995175341946753,0.9978070175438596,417,0.431654296875,15
openstack,ladder_full/L1,256,1.0,1.0,1.0,1.0,1.0,1.0,1.0,417,0.36065039062500004,18
openstack,ladder_full/L1,42,1.0,1.0,1.0,1.0,1.0,1.0,1.0,417,0.42244531250000006,14
openstack,ladder_full/L1,512,1.0,1.0,1.0,1.0,1.0,1.0,1.0,417,0.448025390625,12
openstack,ladder_full/L2,1024,1.0,1.0,1.0,1.0,1.0,1.0,1.0,417,0.5121870961189271,12
openstack,ladder_full/L2,123,1.0,1.0,1.0,1.0,1.0,1.0,1.0,417,0.32709743881225595,12
openstack,ladder_full/L2,256,0.9998875393612235,0.9998607630186578,0.9956140350877193,0.9956140350877193,0.9956140350877193,0.990323029796714,0.995161514898357,417,0.46001724362373353,11
openstack,ladder_full/L2,42,1.0,1.0,1.0,1.0,1.0,1.0,1.0,417,0.3921027460098267,13
openstack,ladder_full/L2,512,0.999868302673012,0.9998375568551008,1.0,0.9912280701754386,0.9955947136563876,0.9903780685451778,0.9956140350877193,417,0.35987008571624757,14
openstack,ladder_full/L3,1024,1.0,1.0,1.0,1.0,1.0,1.0,1.0,417,0.39505021548271185,13
openstack,ladder_full/L3,123,1.0,1.0,1.0,1.0,1.0,1.0,1.0,417,0.4921962037086487,11
openstack,ladder_full/L3,256,0.9998334443704198,0.9997911445279866,0.9956140350877193,0.9956140350877193,0.9956140350877193,0.990323029796714,0.995161514898357,417,0.4851038062572479,11
openstack,ladder_full/L3,42,1.0,1.0,1.0,1.0,1.0,1.0,1.0,417,0.4912590489387512,12
openstack,ladder_full/L3,512,1.0,1.0,1.0,1.0,1.0,1.0,1.0,417,0.36831107044219985,12
openstack,ladder_full/L4,1024,1.0,1.0,1.0,1.0,1.0,1.0,1.0,417,0.47368302249908456,12
openstack,ladder_full/L4,123,1.0,1.0,1.0,1.0,1.0,1.0,1.0,417,0.46490664124488856,13
openstack,ladder_full/L4,256,0.9995213838172452,0.999396639747517,1.0,0.9868421052631579,0.9933774834437086,0.9856077806959628,0.993421052631579,417,0.47869521427154543,11
openstack,ladder_full/L4,42,0.999780701754386,0.9997215260373156,1.0,0.9912280701754386,0.9955947136563876,0.9903780685451778,0.9956140350877193,417,0.47567082166671754,11
openstack,ladder_full/L4,512,1.0,1.0,1.0,1.0,1.0,1.0,1.0,417,0.5140945386886596,11
openstack,ladder_full/L5,1024,1.0,1.0,1.0,1.0,1.0,1.0,1.0,417,0.4488191325664521,12
openstack,ladder_full/L5,123,1.0,1.0,1.0,1.0,1.0,1.0,1.0,417,0.3468848934173585,12
openstack,ladder_full/L5,256,0.9998693542366556,0.9998375568551007,0.9956140350877193,0.9956140350877193,0.9956140350877193,0.990323029796714,0.995161514898357,417,0.4868776094913483,11
openstack,ladder_full/L5,42,1.0,1.0,1.0,1.0,1.0,1.0,1.0,417,0.3266347568035126,12
openstack,ladder_full/L5,512,1.0,1.0,1.0,1.0,1.0,1.0,1.0,417,0.5144196825027466,11
openstack,ladder_full/L6,1024,0.9998875393612235,0.9998607630186578,0.9956140350877193,0.9956140350877193,0.9956140350877193,0.990323029796714,0.995161514898357,417,0.5082440533638001,11
openstack,ladder_full/L6,123,1.0,1.0,1.0,1.0,1.0,1.0,1.0,417,0.343705599308014,12
openstack,ladder_full/L6,256,0.9997745960587615,0.9997215260373155,1.0,0.9912280701754386,0.9955947136563876,0.9903780685451778,0.9956140350877193,417,0.3380440065860748,15
openstack,ladder_full/L6,42,1.0,1.0,1.0,1.0,1.0,1.0,1.0,417,0.379550083398819,13
openstack,ladder_full/L6,512,1.0,1.0,1.0,1.0,1.0,1.0,1.0,417,0.36018944072723397,12
openstack,ladder_full/L7,1024,1.0,1.0,1.0,1.0,1.0,1.0,1.0,417,0.3914417409896851,14
openstack,ladder_full/L7,123,1.0,1.0,1.0,1.0,1.0,1.0,1.0,417,0.4499187390804292,13
openstack,ladder_full/L7,256,0.9998875393612237,0.9998607630186578,1.0,0.9956140350877193,0.9978021978021978,0.995175341946753,0.9978070175438596,417,0.3628205392360687,20
openstack,ladder_full/L7,42,1.0,1.0,0.9956331877729258,1.0,0.9978118161925602,0.9951709839562841,0.9973544973544973,417,0.29448818278312683,13
openstack,ladder_full/L7,512,1.0,1.0,1.0,1.0,1.0,1.0,1.0,417,0.36629923295974737,13
openstack,ladder_full/L7b,1024,0.9998671716773192,0.9998375568551007,0.9827586206896551,1.0,0.991304347826087,0.9807953387135642,0.9894179894179894,417,0.3749074776172639,15
openstack,ladder_full/L7b,123,0.9998875393612235,0.9998607630186578,1.0,0.9956140350877193,0.9978021978021978,0.995175341946753,0.9978070175438596,417,0.28706390810012816,13
openstack,ladder_full/L7b,256,1.0,1.0,1.0,1.0,1.0,1.0,1.0,417,0.3391365053653731,25
openstack,ladder_full/L7b,42,0.9998875393612237,0.9998607630186578,1.0,0.9956140350877193,0.9978021978021978,0.995175341946753,0.9978070175438596,417,0.4092626190185547,13
openstack,ladder_full/L7b,512,1.0,1.0,1.0,1.0,1.0,1.0,1.0,417,0.2614773614406586,13
openstack,mlm_baseline,1024,0.999923555804263,0.9999071753457718,0.991304347826087,1.0,0.9956331877729258,0.9903607194994146,0.9947089947089947,417,0.4055742514133455,1
openstack,mlm_baseline,123,0.9970546742198616,0.9946625823818807,1.0,0.9912280701754386,0.9955947136563876,0.9903780685451778,0.9956140350877193,417,0.42977584600449836,2
openstack,mlm_baseline,256,0.9999616106265817,0.9999535876728859,0.9956331877729258,1.0,0.9978118161925602,0.9951709839562841,0.9973544973544973,417,0.425211059331894,1
openstack,mlm_baseline,42,1.0,1.0,1.0,1.0,1.0,1.0,1.0,417,0.3427550191879274,1
openstack,mlm_baseline,512,1.0,1.0,1.0,1.0,1.0,1.0,1.0,417,0.43769861888885586,1
ssh,ablation_boundary_detach,1024,0.9906878488029851,0.9983878968253967,0.9705882352941176,0.9166666666666666,0.9428571428571428,0.9344859645797678,0.9561011904761905,260,0.4171542070508005,30
ssh,ablation_boundary_detach,123,0.9920621952484698,0.9985119047619048,1.0,0.8888888888888888,0.9411764705882353,0.9345021920672832,0.9444444444444444,260,0.3181010574102402,30
ssh,ablation_boundary_detach,256,0.9966124661246614,0.9993799603174603,1.0,0.9722222222222222,0.9859154929577465,0.9838197164968291,0.9861111111111112,260,0.5817405079603196,23
ssh,ablation_boundary_detach,42,0.9906569664902999,0.998015873015873,1.0,0.9166666666666666,0.9565217391304348,0.9510794547364235,0.9583333333333333,260,0.4707834768295292,30
ssh,ablation_boundary_detach,512,0.9871026191364938,0.9975198412698413,1.0,0.9166666666666666,0.9565217391304348,0.9510794547364235,0.9583333333333333,260,0.5967735085487367,20
ssh,ablation_boundary_fixed_window,1024,0.9947064312374391,0.9990079365079364,0.9459459459459459,0.9722222222222222,0.958904109589041,0.9523150850710058,0.9816468253968254,260,0.19287118738890321,13
ssh,ablation_boundary_fixed_window,123,0.996031746031746,0.9992559523809523,0.9210526315789473,0.9722222222222222,0.9459459459459459,0.9374504033534089,0.9794146825396826,260,0.551790908098223,12
ssh,ablation_boundary_fixed_window,256,0.996031746031746,0.9992559523809524,0.9210526315789473,0.9722222222222222,0.9459459459459459,0.9374504033534089,0.9794146825396826,260,0.6007692484855669,12
ssh,ablation_boundary_fixed_window,42,0.9960317460317462,0.9992559523809523,0.9459459459459459,0.9722222222222222,0.958904109589041,0.9523150850710058,0.9816468253968254,260,0.42812080001831393,12
ssh,ablation_boundary_fixed_window,512,0.996031746031746,0.9992559523809523,0.9459459459459459,0.9722222222222222,0.958904109589041,0.9523150850710058,0.9816468253968254,260,0.5695030360221882,12
ssh,ablation_boundary_hard_action,1024,0.9457175613963887,0.9918154761904762,0.6923076923076923,1.0,0.8181818181818182,0.8017837257372731,0.9642857142857143,260,0.712487770318985,13
ssh,ablation_boundary_hard_action,123,0.9871169523763786,0.9975198412698413,0.9714285714285714,0.9444444444444444,0.9577464788732394,0.9511930422252506,0.9699900793650793,260,0.6948718421459198,12
ssh,ablation_boundary_hard_action,256,0.997683993517327,0.9996279761904763,0.8372093023255814,1.0,0.9113924050632911,0.9005812076808548,0.984375,260,0.7332796529531479,11
ssh,ablation_boundary_hard_action,42,0.9970916429249763,0.9995039682539683,0.8,1.0,0.8888888888888888,0.876274581884664,0.9799107142857143,260,0.7192571487426758,12
ssh,ablation_boundary_hard_action,512,0.9885768722780973,0.9983878968253967,0.8181818181818182,1.0,0.9,0.8882347881956881,0.9821428571428572,260,0.7235053699016571,11
ssh,ablation_boundary_hard_entity,1024,0.9972222222222222,0.9995039682539683,0.8,1.0,0.8888888888888888,0.876274581884664,0.9799107142857143,260,0.6615346640348434,12
ssh,ablation_boundary_hard_entity,123,0.9937634632756585,0.9988839285714286,0.8181818181818182,1.0,0.9,0.8882347881956881,0.9821428571428572,260,0.6836825428009033,12
ssh,ablation_boundary_hard_entity,256,0.9958408611863897,0.9992559523809524,0.8,1.0,0.8888888888888888,0.876274581884664,0.9799107142857143,260,0.6155582040548324,12
ssh,ablation_boundary_hard_entity,42,0.9937634632756585,0.9988839285714286,0.8181818181818182,1.0,0.9,0.8882347881956881,0.9821428571428572,260,0.7223667538762093,12
ssh,ablation_boundary_hard_entity,512,0.9747176581833936,0.9946676587301588,0.9696969696969697,0.8888888888888888,0.927536231884058,0.9176269847375775,0.9422123015873016,260,0.2874697856903077,30
ssh,ablation_boundary_independent,1024,0.9943732193732194,0.9990079365079364,0.9714285714285714,0.9444444444444444,0.9577464788732394,0.9511930422252506,0.9699900793650793,260,0.5459643915891648,20
ssh,ablation_boundary_independent,123,0.9920621952484698,0.9985119047619048,1.0,0.8888888888888888,0.9411764705882353,0.9345021920672832,0.9444444444444444,260,0.3566851763725281,30
ssh,ablation_boundary_independent,256,0.9966124661246614,0.9993799603174603,1.0,0.9722222222222222,0.9859154929577465,0.9838197164968291,0.9861111111111112,260,0.554603471159935,23
ssh,ablation_boundary_independent,42,0.9966124661246613,0.9993799603174605,1.0,0.9444444444444444,0.9714285714285714,0.967515647939031,0.9722222222222222,260,0.6426637973785401,22
ssh,ablation_boundary_independent,512,0.9875651538265955,0.9976438492063492,0.9705882352941176,0.9166666666666666,0.9428571428571428,0.9344859645797678,0.9561011904761905,260,0.5410139154195788,21
ssh,ablation_boundary_random,1024,0.9937634632756585,0.9988839285714285,0.8372093023255814,1.0,0.9113924050632911,0.9005812076808548,0.984375,260,0.7575144348144528,14
ssh,ablation_boundary_random,123,0.989139400500494,0.998015873015873,0.8974358974358975,0.9722222222222222,0.9333333333333333,0.9231267992303145,0.9771825396825397,260,0.7955584152340888,13
ssh,ablation_boundary_random,256,0.9927272130286315,0.9985119047619048,0.9210526315789473,0.9722222222222222,0.9459459459459459,0.9374504033534089,0.9794146825396826,260,0.7968731327056886,12
ssh,ablation_boundary_random,42,0.9948766146134568,0.9991319444444444,0.8780487804878049,1.0,0.935064935064935,0.9265254866175653,0.9888392857142857,260,0.7993908314704894,15
ssh,ablation_boundary_random,512,0.9950292397660818,0.9991319444444444,0.8571428571428571,1.0,0.9230769230769231,0.9133365608960302,0.9866071428571428,260,0.8018820580840111,15
ssh,ablation_candidates_nograph,1024,0.991967088569067,0.9986359126984128,0.9705882352941176,0.9166666666666666,0.9428571428571428,0.9344859645797678,0.9561011904761905,260,0.4099206929802897,30
ssh,ablation_candidates_nograph,123,0.9920621952484698,0.9985119047619048,0.9696969696969697,0.8888888888888888,0.927536231884058,0.9176269847375775,0.9422123015873016,260,0.4708590195775033,30
ssh,ablation_candidates_nograph,256,0.9966124661246613,0.9993799603174603,1.0,0.9722222222222222,0.9859154929577465,0.9838197164968291,0.9861111111111112,260,0.5734892768859863,23
ssh,ablation_candidates_nograph,42,0.9860404125662862,0.9972718253968254,1.0,0.8611111111111112,0.9253731343283582,0.917774241557674,0.9305555555555556,260,0.3118209359645845,30
ssh,ablation_candidates_nograph,512,0.9814510233918129,0.9954117063492063,1.0,0.9166666666666666,0.9565217391304348,0.9510794547364235,0.9583333333333333,260,0.6259219009876252,20
ssh,ablation_imbalance_bce,123,0.9584405179542931,0.9781746031746031,0.9393939393939394,0.8611111111111112,0.8985507246376812,0.8841745147387314,0.9260912698412699,260,0.7842927843332292,30
ssh,ablation_imbalance_bce,256,0.9890707422570169,0.9976438492063492,0.9722222222222222,0.9722222222222222,0.9722222222222222,0.9677579365079365,0.9838789682539683,260,0.7938836137056379,30
ssh,ablation_imbalance_bce,42,0.9685723138736856,0.9753224206349206,0.9696969696969697,0.8888888888888888,0.927536231884058,0.9176269847375775,0.9422123015873016,260,0.947651691555977,30
ssh,ablation_imbalance_focal,123,0.9960317460317462,0.9992559523809523,1.0,0.9722222222222222,0.9859154929577465,0.9838197164968291,0.9861111111111112,260,0.6470942451953899,22
ssh,ablation_imbalance_focal,256,0.9966124661246614,0.9993799603174603,1.0,0.9722222222222222,0.9859154929577465,0.9838197164968291,0.9861111111111112,260,0.802503524184227,19
ssh,ablation_imbalance_focal,42,0.969584857019099,0.976438492063492,0.96875,0.8611111111111112,0.9117647058823529,0.9006056281809142,0.9283234126984128,260,0.9364181860685349,30
ssh,ablation_imbalance_multi_prototype,123,0.993095786979736,0.9987599206349207,1.0,0.8611111111111112,0.9253731343283582,0.917774241557674,0.9305555555555556,260,0.510121064901352,30
ssh,ablation_imbalance_multi_prototype,256,0.9966124661246613,0.9993799603174603,1.0,0.9722222222222222,0.9859154929577465,0.9838197164968291,0.9861111111111112,260,0.5857098883390427,23
ssh,ablation_imbalance_multi_prototype,42,0.9920621952484698,0.9985119047619048,1.0,0.8888888888888888,0.9411764705882353,0.9345021920672832,0.9444444444444444,260,0.4317694834470752,30
ssh,ablation_imbalance_multi_prototype_div,123,0.991220444406719,0.9983878968253967,0.9722222222222222,0.9722222222222222,0.9722222222222222,0.9677579365079365,0.9838789682539683,260,0.2568896012902259,30
ssh,ablation_imbalance_multi_prototype_div,256,0.9960317460317462,0.9992559523809524,1.0,0.9722222222222222,0.9859154929577465,0.9838197164968291,0.9861111111111112,260,0.5428989195823669,23
ssh,ablation_imbalance_multi_prototype_div,42,0.9923960969250825,0.9985119047619048,1.0,0.8888888888888888,0.9411764705882353,0.9345021920672832,0.9444444444444444,260,0.4561540163159375,30
ssh,ablation_imbalance_no_prototype,123,0.9822001145530558,0.9962797619047619,0.9696969696969697,0.8888888888888888,0.927536231884058,0.9176269847375775,0.9422123015873016,260,0.6367646933794023,30
ssh,ablation_imbalance_no_prototype,256,0.9929196002725416,0.9987599206349207,1.0,0.8888888888888888,0.9411764705882353,0.9345021920672832,0.9444444444444444,260,0.3152023483514787,30
ssh,ablation_imbalance_no_prototype,42,0.9895534188540345,0.9981398809523809,0.9705882352941176,0.9166666666666666,0.9428571428571428,0.9344859645797678,0.9561011904761905,260,0.4907692661285416,21
ssh,ablation_imbalance_single_prototype,123,0.9907373526192793,0.9982638888888888,1.0,0.8611111111111112,0.9253731343283582,0.917774241557674,0.9305555555555556,260,0.5726719403266908,30
ssh,ablation_imbalance_single_prototype,256,0.9966124661246613,0.9993799603174602,1.0,0.9722222222222222,0.9859154929577465,0.9838197164968291,0.9861111111111112,260,0.5693033081293107,22
ssh,ablation_imbalance_single_prototype,42,0.9919335622349807,0.9983878968253969,1.0,0.8888888888888888,0.9411764705882353,0.9345021920672832,0.9444444444444444,260,0.4887717352509501,30
ssh,ablation_imbalance_weighted_bce,123,0.9674825258158594,0.9796626984126984,0.96875,0.8611111111111112,0.9117647058823529,0.9006056281809142,0.9283234126984128,260,0.5290798662900927,30
ssh,ablation_imbalance_weighted_bce,256,0.993095786979736,0.9987599206349207,0.9722222222222222,0.9722222222222222,0.9722222222222222,0.9677579365079365,0.9838789682539683,260,0.6475703458786017,28
ssh,ablation_imbalance_weighted_bce,42,0.9928077459940206,0.9987599206349207,0.9722222222222222,0.9722222222222222,0.9722222222222222,0.9677579365079365,0.9838789682539683,260,0.7353982416391379,30
ssh,ablation_shortcuts_entity_unk,1024,0.9915720989250401,0.9985119047619048,0.9714285714285714,0.9444444444444444,0.9577464788732394,0.9511930422252506,0.9699900793650793,260,0.581261798620224,21
ssh,ablation_shortcuts_entity_unk,123,0.9917254949117694,0.9985119047619048,0.9696969696969697,0.8888888888888888,0.927536231884058,0.9176269847375775,0.9422123015873016,260,0.3632896746397019,30
ssh,ablation_shortcuts_entity_unk,256,0.9966124661246613,0.9993799603174603,1.0,0.9722222222222222,0.9859154929577465,0.9838197164968291,0.9861111111111112,260,0.5474225571155549,23
ssh,ablation_shortcuts_entity_unk,42,0.9861515935045347,0.9971478174603174,1.0,0.8611111111111112,0.9253731343283582,0.917774241557674,0.9305555555555556,260,0.3024251026511193,30
ssh,ablation_shortcuts_entity_unk,512,0.9872067901234568,0.9973958333333334,0.9705882352941176,0.9166666666666666,0.9428571428571428,0.9344859645797678,0.9561011904761905,260,0.6364733704328539,20
ssh,ablation_shortcuts_mask_status_words,1024,0.9943732193732193,0.9990079365079365,0.9714285714285714,0.9444444444444444,0.9577464788732394,0.9511930422252506,0.9699900793650793,260,0.573120302796364,20
ssh,ablation_shortcuts_mask_status_words,123,0.9920621952484698,0.9985119047619048,0.9696969696969697,0.8888888888888888,0.927536231884058,0.9176269847375775,0.9422123015873016,260,0.39301864820718774,30
ssh,ablation_shortcuts_mask_status_words,256,0.9966124661246613,0.9993799603174603,1.0,0.9722222222222222,0.9859154929577465,0.9838197164968291,0.9861111111111112,260,0.5604965144395828,24
ssh,ablation_shortcuts_mask_status_words,42,0.9966124661246613,0.9993799603174603,1.0,0.9444444444444444,0.9714285714285714,0.967515647939031,0.9722222222222222,260,0.6178857100009919,22
ssh,ablation_shortcuts_mask_status_words,512,0.9887199699699699,0.997891865079365,1.0,0.9166666666666666,0.9565217391304348,0.9510794547364235,0.9583333333333333,260,0.5600699763298036,20
ssh,ablation_shortcuts_no_action_prior,1024,0.9933884660869358,0.9988839285714285,0.9714285714285714,0.9444444444444444,0.9577464788732394,0.9511930422252506,0.9699900793650793,260,0.4538551154732705,24
ssh,ablation_shortcuts_no_action_prior,123,0.9933842392175726,0.9987599206349207,1.0,0.8888888888888888,0.9411764705882353,0.9345021920672832,0.9444444444444444,260,0.396701884508133,30
ssh,ablation_shortcuts_no_action_prior,256,0.9966124661246614,0.9993799603174602,1.0,0.9722222222222222,0.9859154929577465,0.9838197164968291,0.9861111111111112,260,0.5711005210876465,23
ssh,ablation_shortcuts_no_action_prior,42,0.9927272130286315,0.9985119047619048,1.0,0.8888888888888888,0.9411764705882353,0.9345021920672832,0.9444444444444444,260,0.4251991187930109,30
ssh,ablation_shortcuts_no_action_prior,512,0.9884080270109682,0.9978918650793651,0.9705882352941176,0.9166666666666666,0.9428571428571428,0.9344859645797678,0.9561011904761905,260,0.4539004803299908,22
ssh,ablation_shortcuts_no_action_source,1024,0.9901071287100699,0.998263888888889,0.9705882352941176,0.9166666666666666,0.9428571428571428,0.9344859645797678,0.9561011904761905,260,0.2968549720644952,30
ssh,ablation_shortcuts_no_action_source,123,0.9922540361379851,0.9986359126984127,0.96875,0.8611111111111112,0.9117647058823529,0.9006056281809142,0.9283234126984128,260,0.38681095260381715,30
ssh,ablation_shortcuts_no_action_source,256,0.9966124661246613,0.9993799603174603,1.0,0.9722222222222222,0.9859154929577465,0.9838197164968291,0.9861111111111112,260,0.5489756071567536,23
ssh,ablation_shortcuts_no_action_source,42,0.9918300653594772,0.9981398809523809,1.0,0.8888888888888888,0.9411764705882353,0.9345021920672832,0.9444444444444444,260,0.4163487156629566,30
ssh,ablation_shortcuts_no_action_source,512,0.9875651538265956,0.9976438492063492,0.9705882352941176,0.9166666666666666,0.9428571428571428,0.9344859645797678,0.9561011904761905,260,0.5750245170593263,21
ssh,ablation_shortcuts_no_entity_embed,1024,0.9906878488029852,0.9983878968253969,0.9705882352941176,0.9166666666666666,0.9428571428571428,0.9344859645797678,0.9561011904761905,260,0.3528586015105251,30
ssh,ablation_shortcuts_no_entity_embed,123,0.9915791034610302,0.9983878968253969,1.0,0.8888888888888888,0.9411764705882353,0.9345021920672832,0.9444444444444444,260,0.5839559538364412,30
ssh,ablation_shortcuts_no_entity_embed,256,0.9958408611863897,0.9992559523809524,0.9722222222222222,0.9722222222222222,0.9722222222222222,0.9677579365079365,0.9838789682539683,260,0.4271747547984128,30
ssh,ablation_shortcuts_no_entity_embed,42,0.9966124661246614,0.9993799603174602,1.0,0.9444444444444444,0.9714285714285714,0.967515647939031,0.9722222222222222,260,0.6320704815387727,21
ssh,ablation_shortcuts_no_entity_embed,512,0.9901993204689283,0.9982638888888888,0.9705882352941176,0.9166666666666666,0.9428571428571428,0.9344859645797678,0.9561011904761905,260,0.4310542988777166,22
ssh,ablation_shortcuts_no_entity_prior,1024,0.9943732193732194,0.9990079365079365,0.9714285714285714,0.9444444444444444,0.9577464788732394,0.9511930422252506,0.9699900793650793,260,0.5575056697130204,20
ssh,ablation_shortcuts_no_entity_prior,123,0.9944444444444445,0.9988839285714286,0.9459459459459459,0.9722222222222222,0.958904109589041,0.9523150850710058,0.9816468253968254,260,0.23829126819968224,30
ssh,ablation_shortcuts_no_entity_prior,256,0.9958408611863897,0.9992559523809523,0.9722222222222222,0.9722222222222222,0.9722222222222222,0.9677579365079365,0.9838789682539683,260,0.3573874586224559,30
ssh,ablation_shortcuts_no_entity_prior,42,0.9923960969250825,0.9985119047619048,1.0,0.8888888888888888,0.9411764705882353,0.9345021920672832,0.9444444444444444,260,0.33972203630208986,30
ssh,ablation_shortcuts_no_entity_prior,512,0.9869059110130539,0.9973958333333334,1.0,0.9166666666666666,0.9565217391304348,0.9510794547364235,0.9583333333333333,260,0.6022948511838915,20
ssh,ablation_shortcuts_no_status_source,1024,0.9906878488029851,0.9983878968253969,0.9714285714285714,0.9444444444444444,0.9577464788732394,0.9511930422252506,0.9699900793650793,260,0.665169553399086,21
ssh,ablation_shortcuts_no_status_source,123,0.9930957869797359,0.9987599206349206,0.9705882352941176,0.9166666666666666,0.9428571428571428,0.9344859645797678,0.9561011904761905,260,0.43214833343029035,30
ssh,ablation_shortcuts_no_status_source,256,0.9966124661246613,0.9993799603174603,1.0,0.9722222222222222,0.9859154929577465,0.9838197164968291,0.9861111111111112,260,0.6221122156381608,22
ssh,ablation_shortcuts_no_status_source,42,0.9928077459940206,0.9987599206349207,0.96875,0.8611111111111112,0.9117647058823529,0.9006056281809142,0.9283234126984128,260,0.5448785282373433,30
ssh,ablation_shortcuts_no_status_source,512,0.98871996996997,0.997891865079365,0.9705882352941176,0.9166666666666666,0.9428571428571428,0.9344859645797678,0.9561011904761905,260,0.5123859381675723,21
ssh,ablation_shortcuts_shuffle_entity,1024,0.993140243902439,0.9987599206349206,0.9714285714285714,0.9444444444444444,0.9577464788732394,0.9511930422252506,0.9699900793650793,260,0.5491058522462846,20
ssh,ablation_shortcuts_shuffle_entity,123,0.9941778900112234,0.9988839285714286,0.9722222222222222,0.9722222222222222,0.9722222222222222,0.9677579365079365,0.9838789682539683,260,0.2911267985105526,30
ssh,ablation_shortcuts_shuffle_entity,256,0.9966124661246613,0.9993799603174602,1.0,0.9722222222222222,0.9859154929577465,0.9838197164968291,0.9861111111111112,260,0.576745434999466,24
ssh,ablation_shortcuts_shuffle_entity,42,0.991065129755606,0.998139880952381,1.0,0.8888888888888888,0.9411764705882353,0.9345021920672832,0.9444444444444444,260,0.4069276337623599,30
ssh,ablation_shortcuts_shuffle_entity,512,0.9844953350992199,0.9970238095238095,0.9705882352941176,0.9166666666666666,0.9428571428571428,0.9344859645797678,0.9561011904761905,260,0.5135472122430802,26
ssh,ablation_shortcuts_template_time_only,1024,0.9935795685795685,0.9988839285714286,0.9714285714285714,0.9444444444444444,0.9577464788732394,0.9511930422252506,0.9699900793650793,260,0.5543603644371033,20
ssh,ablation_shortcuts_template_time_only,123,0.985128905128226,0.9971478174603174,0.96875,0.8611111111111112,0.9117647058823529,0.9006056281809142,0.9283234126984128,260,0.3104371799826623,30
ssh,ablation_shortcuts_template_time_only,256,0.9966124661246614,0.9993799603174603,1.0,0.9722222222222222,0.9859154929577465,0.9838197164968291,0.9861111111111112,260,0.5578437445163728,23
ssh,ablation_shortcuts_template_time_only,42,0.996031746031746,0.9992559523809524,1.0,0.9722222222222222,0.9859154929577465,0.9838197164968291,0.9861111111111112,260,0.6479601224660875,24
ssh,ablation_shortcuts_template_time_only,512,0.989429012345679,0.998015873015873,0.9705882352941176,0.9166666666666666,0.9428571428571428,0.9344859645797678,0.9561011904761905,260,0.5522183210849765,21
ssh,baseline_gnn_flat,1024,0.4195369537258883,0.845734126984127,0.5581395348837209,0.6666666666666666,0.6075949367088608,0.5409020771170726,0.7909226190476191,260,0.061705858882516625,30
ssh,baseline_gnn_flat,123,0.37741916715710605,0.8338293650793651,0.4909090909090909,0.75,0.5934065934065934,0.5285632955738961,0.8125,260,0.05246748068928719,24
ssh,baseline_gnn_flat,256,0.3386717392092793,0.796875,0.4418604651162791,0.5277777777777778,0.4810126582278481,0.3910357727154966,0.7103174603174603,260,0.04974898295477033,21
ssh,baseline_gnn_flat,42,0.46130630281959406,0.8540426587301587,0.5348837209302325,0.6388888888888888,0.5822784810126582,0.5109288162367573,0.7748015873015872,260,0.037284085914492636,18
ssh,baseline_gnn_flat,512,0.4888120717102978,0.847594246031746,0.5,0.6388888888888888,0.5609756097560976,0.48531601536760455,0.7681051587301587,260,0.04792074076086283,22
ssh,baseline_tcn,1024,0.9820934975872152,0.9973958333333334,0.8780487804878049,1.0,0.935064935064935,0.9265254866175653,0.9888392857142857,260,0.4898166513442994,19
ssh,baseline_tcn,123,0.9276392435210978,0.9946676587301587,0.8780487804878049,1.0,0.935064935064935,0.9265254866175653,0.9888392857142857,260,0.16208707702159883,30
ssh,baseline_tcn,256,0.9684653896959159,0.9957837301587302,0.8974358974358975,0.9722222222222222,0.9333333333333333,0.9231267992303145,0.9771825396825397,260,0.26047402897477145,30
ssh,baseline_tcn,42,0.9933352103823722,0.9990079365079365,0.9,1.0,0.9473684210526315,0.9401747557920129,0.9910714285714286,260,0.46688297227025033,17
ssh,baseline_tcn,512,0.9928751349222966,0.9988839285714286,0.8372093023255814,1.0,0.9113924050632911,0.9005812076808548,0.984375,260,0.4876372337341311,19
ssh,baseline_transformer,1024,0.8022145297650592,0.9299355158730159,0.8235294117647058,0.7777777777777778,0.8,0.7693375477834522,0.8754960317460317,260,0.0715337027311325,21
ssh,baseline_transformer,123,0.8172637993336023,0.9528769841269841,0.8285714285714286,0.8055555555555556,0.8169014084507042,0.788059670867358,0.8893849206349207,260,0.07024721831083298,19
ssh,baseline_transformer,256,0.6144171379107685,0.9143105158730159,0.6739130434782609,0.8611111111111112,0.7560975609756098,0.7187705278478583,0.8970734126984128,260,0.059580319214612244,16
ssh,baseline_transformer,42,0.6946910690925914,0.886780753968254,0.8,0.2222222222222222,0.34782608695652173,0.3830744467411416,0.6066468253968254,260,0.07486704237759113,20
ssh,baseline_transformer,512,0.8136078748812253,0.9574652777777778,0.8571428571428571,0.8333333333333334,0.8450704225352113,0.8206863451389365,0.9055059523809523,260,0.05542438108846545,20
ssh,label_scarcity/L0_lf01,123,0.9834014165256222,0.9966517857142857,0.9696969696969697,0.8888888888888888,0.927536231884058,0.9176269847375775,0.9422123015873016,260,0.87933203125,21
ssh,label_scarcity/L0_lf01,256,0.9972222222222222,0.9995039682539683,0.8372093023255814,1.0,0.9113924050632911,0.9005812076808548,0.984375,260,0.8444042968750003,15
ssh,label_scarcity/L0_lf01,42,0.9952601410934743,0.9991939484126985,0.9722222222222222,0.9722222222222222,0.9722222222222222,0.9677579365079365,0.9838789682539683,260,0.6479765625,19
ssh,label_scarcity/L0_lf05,123,0.9895534188540345,0.9981398809523809,0.9705882352941176,0.9166666666666666,0.9428571428571428,0.9344859645797678,0.9561011904761905,260,0.6564990234375001,25
ssh,label_scarcity/L0_lf05,256,0.996031746031746,0.9992559523809524,1.0,0.9722222222222222,0.9859154929577465,0.9838197164968291,0.9861111111111112,260,0.9014052734375,20
ssh,label_scarcity/L0_lf05,42,0.9913863684761518,0.9985119047619047,0.9696969696969697,0.8888888888888888,0.927536231884058,0.9176269847375775,0.9422123015873016,260,0.10422338867187508,25
ssh,label_scarcity/L0_lf10,123,0.9942302169286866,0.9990079365079365,0.9722222222222222,0.9722222222222222,0.9722222222222222,0.9677579365079365,0.9838789682539683,260,0.6744755859375,25
ssh,label_scarcity/L0_lf10,256,0.996031746031746,0.9992559523809523,0.9722222222222222,0.9722222222222222,0.9722222222222222,0.9677579365079365,0.9838789682539683,260,0.7309013671875004,18
ssh,label_scarcity/L0_lf10,42,0.9889606004258502,0.998015873015873,0.9696969696969697,0.8888888888888888,0.927536231884058,0.9176269847375775,0.9422123015873016,260,0.6148525390625001,25
ssh,label_scarcity/L7_lf01,123,0.9019211280546846,0.9936755952380953,0.9696969696969697,0.8888888888888888,0.927536231884058,0.9176269847375775,0.9422123015873016,260,0.658393110871315,19
ssh,label_scarcity/L7_lf01,256,0.9958408611863897,0.9992559523809524,0.8,1.0,0.8888888888888888,0.876274581884664,0.9799107142857143,260,0.579964403629303,17
ssh,label_scarcity/L7_lf01,42,0.9936494968357714,0.9988839285714286,0.9705882352941176,0.9166666666666666,0.9428571428571428,0.9344859645797678,0.9561011904761905,260,0.4437141484618187,19
ssh,label_scarcity/L7_lf05,123,0.9933884660869358,0.9988839285714285,0.9696969696969697,0.8888888888888888,0.927536231884058,0.9176269847375775,0.9422123015873016,260,0.6722605167627335,20
ssh,label_scarcity/L7_lf05,256,0.9877904454077825,0.997891865079365,0.9428571428571428,0.9166666666666666,0.9295774647887324,0.9185663679536721,0.9538690476190477,260,0.47765784907341036,25
ssh,label_scarcity/L7_lf05,42,0.9960317460317462,0.9992559523809524,1.0,0.9444444444444444,0.9714285714285714,0.967515647939031,0.9722222222222222,260,0.12426543296873573,25
ssh,label_scarcity/L7_lf10,123,0.9958408611863897,0.9992559523809524,1.0,0.9444444444444444,0.9714285714285714,0.967515647939031,0.9722222222222222,260,0.6082600322961808,21
ssh,label_scarcity/L7_lf10,256,0.9952601410934745,0.9991319444444444,0.9722222222222222,0.9722222222222222,0.9722222222222222,0.9677579365079365,0.9838789682539683,260,0.7206611503362661,19
ssh,label_scarcity/L7_lf10,42,0.991939690438465,0.9986359126984127,0.9714285714285714,0.9444444444444444,0.9577464788732394,0.9511930422252506,0.9699900793650793,260,0.09750483302772049,25
ssh,ladder_full/L0,1024,0.9958408611863897,0.9992559523809524,1.0,0.9444444444444444,0.9714285714285714,0.967515647939031,0.9722222222222222,260,0.7889306640625,19
ssh,ladder_full/L0,123,0.9692218301461998,0.9734002976190476,0.9696969696969697,0.8888888888888888,0.927536231884058,0.9176269847375775,0.9422123015873016,260,0.5832529296875002,30
ssh,ladder_full/L0,256,0.9958408611863897,0.9992559523809523,0.9714285714285714,0.9444444444444444,0.9577464788732394,0.9511930422252506,0.9699900793650793,260,0.43323583984375025,30
ssh,ladder_full/L0,42,0.9903560611236365,0.9982638888888888,0.9714285714285714,0.9444444444444444,0.9577464788732394,0.9511930422252506,0.9699900793650793,260,0.6362578125,22
ssh,ladder_full/L0,512,0.9756374464050217,0.9898933531746033,0.9705882352941176,0.9166666666666666,0.9428571428571428,0.9344859645797678,0.9561011904761905,260,0.8034130859375,20
ssh,ladder_full/L1,1024,0.9966124661246611,0.9993799603174602,1.0,0.9722222222222222,0.9859154929577465,0.9838197164968291,0.9861111111111112,260,0.8464404296875001,20
ssh,ladder_full/L1,123,0.968009577568401,0.9713541666666667,0.9696969696969697,0.8888888888888888,0.927536231884058,0.9176269847375775,0.9422123015873016,260,0.49250146484375024,30
ssh,ladder_full/L1,256,0.996031746031746,0.9992559523809523,1.0,0.9722222222222222,0.9859154929577465,0.9838197164968291,0.9861111111111112,260,0.8357431640625,21
ssh,ladder_full/L1,42,0.9917658730158729,0.9985119047619048,0.9714285714285714,0.9444444444444444,0.9577464788732394,0.9511930422252506,0.9699900793650793,260,0.8043789062500001,22
ssh,ladder_full/L1,512,0.985813492063492,0.9967757936507936,0.9705882352941176,0.9166666666666666,0.9428571428571428,0.9344859645797678,0.9561011904761905,260,0.831099609375,20
ssh,ladder_full/L2,1024,0.9903951696957853,0.998263888888889,0.9714285714285714,0.9444444444444444,0.9577464788732394,0.9511930422252506,0.9699900793650793,260,0.5641563204526902,20
ssh,ladder_full/L2,123,0.9731519487009448,0.9880952380952381,0.9696969696969697,0.8888888888888888,0.927536231884058,0.9176269847375775,0.9422123015873016,260,0.39751581853628176,30
ssh,ladder_full/L2,256,0.9958408611863897,0.9992559523809524,0.9722222222222222,0.9722222222222222,0.9722222222222222,0.9677579365079365,0.9838789682539683,260,0.4032018767595292,24
ssh,ladder_full/L2,42,0.9901071287100699,0.998263888888889,0.9714285714285714,0.9444444444444444,0.9577464788732394,0.9511930422252506,0.9699900793650793,260,0.48585200488567504,21
ssh,ladder_full/L2,512,0.9634360723632454,0.9733382936507936,0.96875,0.8611111111111112,0.9117647058823529,0.9006056281809142,0.9283234126984128,260,0.26349877530336385,30
ssh,ladder_full/L3,1024,0.9895143102818856,0.9981398809523809,0.9705882352941176,0.9166666666666666,0.9428571428571428,0.9344859645797678,0.9561011904761905,260,0.5114927189350129,22
ssh,ladder_full/L3,123,0.9685495850359349,0.9780505952380951,0.9696969696969697,0.8888888888888888,0.927536231884058,0.9176269847375775,0.9422123015873016,260,0.33068847787380223,30
ssh,ladder_full/L3,256,0.9966124661246613,0.9993799603174603,1.0,0.8888888888888888,0.9411764705882353,0.9345021920672832,0.9444444444444444,260,0.48299321013689045,21
ssh,ladder_full/L3,42,0.9923465931087883,0.9986359126984127,0.9714285714285714,0.9444444444444444,0.9577464788732394,0.9511930422252506,0.9699900793650793,260,0.5343613437414181,21
ssh,ladder_full/L3,512,0.9690470865495648,0.9868551587301587,0.9705882352941176,0.9166666666666666,0.9428571428571428,0.9344859645797678,0.9561011904761905,260,0.4058779727220536,24
ssh,ladder_full/L4,1024,0.9895534188540345,0.9981398809523809,0.9705882352941176,0.9166666666666666,0.9428571428571428,0.9344859645797678,0.9561011904761905,260,0.4460967337489129,21
ssh,ladder_full/L4,123,0.9744859918856621,0.9899553571428572,0.9696969696969697,0.8888888888888888,0.927536231884058,0.9176269847375775,0.9422123015873016,260,0.4271367317438127,30
ssh,ladder_full/L4,256,0.9952601410934745,0.9991319444444444,1.0,0.9444444444444444,0.9714285714285714,0.967515647939031,0.9722222222222222,260,0.2670068041682244,30
ssh,ladder_full/L4,42,0.9668310329111083,0.9766865079365079,0.9705882352941176,0.9166666666666666,0.9428571428571428,0.9344859645797678,0.9561011904761905,260,0.4130673027634623,30
ssh,ladder_full/L4,512,0.9801226739834697,0.9955357142857143,0.9705882352941176,0.9166666666666666,0.9428571428571428,0.9344859645797678,0.9561011904761905,260,0.45355681675672577,21
ssh,ladder_full/L5,1024,0.9895143102818856,0.9981398809523809,0.9705882352941176,0.9166666666666666,0.9428571428571428,0.9344859645797678,0.9561011904761905,260,0.4590568063259125,22
ssh,ladder_full/L5,123,0.9810132133661545,0.9954117063492063,0.96875,0.8611111111111112,0.9117647058823529,0.9006056281809142,0.9283234126984128,260,0.7393467438220979,30
ssh,ladder_full/L5,256,0.9958408611863897,0.9992559523809524,0.9722222222222222,0.9722222222222222,0.9722222222222222,0.9677579365079365,0.9838789682539683,260,0.4438229752182962,25
ssh,ladder_full/L5,42,0.9816218940561361,0.9957837301587302,0.9705882352941176,0.9166666666666666,0.9428571428571428,0.9344859645797678,0.9561011904761905,260,0.4003584627509121,30
ssh,ladder_full/L5,512,0.9754930308304486,0.994171626984127,0.9705882352941176,0.9166666666666666,0.9428571428571428,0.9344859645797678,0.9561011904761905,260,0.3643451780080804,23
ssh,ladder_full/L6,1024,0.9895143102818856,0.998139880952381,0.9705882352941176,0.9166666666666666,0.9428571428571428,0.9344859645797678,0.9561011904761905,260,0.4810188281536103,21
ssh,ladder_full/L6,123,0.9836587160116572,0.9965277777777777,0.9696969696969697,0.8888888888888888,0.927536231884058,0.9176269847375775,0.9422123015873016,260,0.42123159569501895,30
ssh,ladder_full/L6,256,0.9958408611863897,0.9992559523809524,0.9722222222222222,0.9722222222222222,0.9722222222222222,0.9677579365079365,0.9838789682539683,260,0.4867265233397486,26
ssh,ladder_full/L6,42,0.9654036305690716,0.9749503968253969,0.9696969696969697,0.8888888888888888,0.927536231884058,0.9176269847375775,0.9422123015873016,260,0.29421876341104514,30
ssh,ladder_full/L6,512,0.9812625946772288,0.9956597222222222,0.9705882352941176,0.9166666666666666,0.9428571428571428,0.9344859645797678,0.9561011904761905,260,0.5470243123769761,20
ssh,ladder_full/L7,1024,0.9907303480832893,0.9983878968253969,0.9714285714285714,0.9444444444444444,0.9577464788732394,0.9511930422252506,0.9699900793650793,260,0.6063120287656785,21
ssh,ladder_full/L7,123,0.9941778900112234,0.9988839285714286,1.0,0.8888888888888888,0.9411764705882353,0.9345021920672832,0.9444444444444444,260,0.2837124071121216,30
ssh,ladder_full/L7,256,0.996031746031746,0.9992559523809523,1.0,0.9722222222222222,0.9859154929577465,0.9838197164968291,0.9861111111111112,260,0.5662883009910584,24
ssh,ladder_full/L7,42,0.9922222222222222,0.9982638888888888,1.0,0.8888888888888888,0.9411764705882353,0.9345021920672832,0.9444444444444444,260,0.4683983507752423,30
ssh,ladder_full/L7,512,0.9880401234567902,0.9976438492063493,1.0,0.9166666666666666,0.9565217391304348,0.9510794547364235,0.9583333333333333,260,0.5938458802700043,20
ssh,ladder_full/L7b,1024,0.9901071287100699,0.9982638888888888,0.9696969696969697,0.8888888888888888,0.927536231884058,0.9176269847375775,0.9422123015873016,260,0.31968784981966036,30
ssh,ladder_full/L7b,123,0.9925672457535203,0.9986359126984128,1.0,0.8888888888888888,0.9411764705882353,0.9345021920672832,0.9444444444444444,260,0.3333074309229851,30
ssh,ladder_full/L7b,256,0.9966124661246614,0.9993799603174603,1.0,0.9722222222222222,0.9859154929577465,0.9838197164968291,0.9861111111111112,260,0.4278005683422091,27
ssh,ladder_full/L7b,42,0.992254036137985,0.9986359126984127,0.96875,0.8611111111111112,0.9117647058823529,0.9006056281809142,0.9283234126984128,260,0.46574902659654654,30
ssh,ladder_full/L7b,512,0.9857253086419753,0.9968998015873015,0.9705882352941176,0.9166666666666666,0.9428571428571428,0.9344859645797678,0.9561011904761905,260,0.6366731292009356,20
ssh,ladder_ssh2/L0,123,0.9925595238095238,0.9986359126984127,1.0,0.9444444444444444,0.9714285714285714,0.967515647939031,0.9722222222222222,260,0.6958486328125001,15
ssh,ladder_ssh2/L0,42,0.9919667053813395,0.9985119047619047,0.9714285714285714,0.9444444444444444,0.9577464788732394,0.9511930422252506,0.9699900793650793,260,0.7784169921875,15
ssh,ladder_ssh2/L1,123,0.9931827431827431,0.9987599206349206,1.0,0.9444444444444444,0.9714285714285714,0.967515647939031,0.9722222222222222,260,0.6887353515625002,15
ssh,ladder_ssh2/L1,42,0.9952601410934745,0.9991319444444444,0.9714285714285714,0.9444444444444444,0.9577464788732394,0.9511930422252506,0.9699900793650793,260,0.6229042968750002,15
ssh,ladder_ssh2/L2,123,0.9936494968357714,0.9988839285714285,0.9696969696969697,0.8888888888888888,0.927536231884058,0.9176269847375775,0.9422123015873016,260,0.3808223629593852,15
ssh,ladder_ssh2/L2,42,0.9929698124820077,0.9987599206349206,1.0,0.9166666666666666,0.9565217391304348,0.9510794547364235,0.9583333333333333,260,0.8118355464935303,15
ssh,ladder_ssh2/L3,123,0.9901177071648688,0.9983878968253967,0.9705882352941176,0.9166666666666666,0.9428571428571428,0.9344859645797678,0.9561011904761905,260,0.22051913800835612,15
ssh,ladder_ssh2/L3,42,0.9929698124820077,0.9987599206349207,0.9705882352941176,0.9166666666666666,0.9428571428571428,0.9344859645797678,0.9561011904761905,260,0.6220741648674012,15
ssh,ladder_ssh2/L4,123,0.9944664902998237,0.9990079365079365,0.9714285714285714,0.9444444444444444,0.9577464788732394,0.9511930422252506,0.9699900793650793,260,0.3943238960504532,15
ssh,ladder_ssh2/L4,42,0.9943732193732194,0.9990079365079365,0.9714285714285714,0.9444444444444444,0.9577464788732394,0.9511930422252506,0.9699900793650793,260,0.6841665477752691,15
ssh,ladder_ssh2/L5,123,0.9929196002725414,0.9987599206349206,0.9705882352941176,0.9166666666666666,0.9428571428571428,0.9344859645797678,0.9561011904761905,260,0.4472765930891039,15
ssh,ladder_ssh2/L5,42,0.9943732193732194,0.9990079365079365,1.0,0.9166666666666666,0.9565217391304348,0.9510794547364235,0.9583333333333333,260,0.6357626540660858,15
ssh,ladder_ssh2/L6,123,0.9897657461382952,0.9982638888888888,0.9428571428571428,0.9166666666666666,0.9295774647887324,0.9185663679536721,0.9538690476190477,260,0.4425816658735278,15
ssh,ladder_ssh2/L6,42,0.9943732193732193,0.9990079365079365,1.0,0.8888888888888888,0.9411764705882353,0.9345021920672832,0.9444444444444444,260,0.6296022394895554,15
ssh,ladder_ssh2/L7,123,0.9954780361757106,0.9991319444444443,1.0,0.9722222222222222,0.9859154929577465,0.9838197164968291,0.9861111111111112,260,0.5506152794361128,15
ssh,ladder_ssh2/L7,42,0.9954780361757106,0.9991319444444444,1.0,0.9722222222222222,0.9859154929577465,0.9838197164968291,0.9861111111111112,260,0.49714065068960206,15
ssh,ladder_ssh2/L7b,123,0.9954780361757106,0.9991319444444445,1.0,0.9444444444444444,0.9714285714285714,0.967515647939031,0.9722222222222222,260,0.48651760673523053,15
ssh,ladder_ssh2/L7b,42,0.9954780361757106,0.9991319444444444,1.0,0.9166666666666666,0.9565217391304348,0.9510794547364235,0.9583333333333333,260,0.5014661613702776,15
ssh,mlm_baseline,1024,0.8707437304817631,0.9662698412698413,0.7777777777777778,0.7777777777777778,0.7777777777777778,0.7420634920634921,0.871031746031746,260,0.1473727051764727,3
ssh,mlm_baseline,123,0.906892592558761,0.9737103174603176,0.8055555555555556,0.8055555555555556,0.8055555555555556,0.7743055555555556,0.8871527777777778,260,0.16060741873085496,9
ssh,mlm_baseline,256,0.8687307518016837,0.9753224206349206,0.6274509803921569,0.8888888888888888,0.735632183908046,0.6993740525373067,0.9020337301587301,260,0.08400752893090249,8
ssh,mlm_baseline,42,0.9059900131169649,0.9770585317460317,0.64,0.8888888888888888,0.7441860465116279,0.7085617212170007,0.904265873015873,260,0.14989324361085896,6
ssh,mlm_baseline,512,0.9243324436728306,0.9802827380952381,0.92,0.6388888888888888,0.7540983606557377,0.738047846306747,0.8149801587301587,260,0.028649317460134625,7
ssh,mlm_smoke,42,0.645014027981488,0.910218253968254,0.6458333333333334,0.8611111111111112,0.7380952380952381,0.6989998740427997,0.892609126984127,260,0.09515439629554749,1
ssh,noise_r0.2/merge_all,123,0.9925672457535203,0.9986359126984127,1.0,0.8888888888888888,0.9411764705882353,0.9345021920672832,0.9444444444444444,260,0.32286256062984475,30
ssh,noise_r0.2/merge_all,42,0.9927272130286315,0.9985119047619048,1.0,0.8888888888888888,0.9411764705882353,0.9345021920672832,0.9444444444444444,260,0.4281593711972239,30
ssh,noise_r0.2/merge_test_only,123,0.9939127804437883,0.9988839285714286,1.0,0.8888888888888888,0.9411764705882353,0.9345021920672832,0.9444444444444444,260,0.3711195038557053,30
ssh,noise_r0.2/merge_test_only,42,0.9919335622349807,0.9983878968253969,0.9705882352941176,0.9166666666666666,0.9428571428571428,0.9344859645797678,0.9561011904761905,260,0.4429453330039982,30
ssh,noise_r0.2/replace_all,123,0.993095786979736,0.9987599206349206,0.9696969696969697,0.8888888888888888,0.927536231884058,0.9176269847375775,0.9422123015873016,260,0.5274140387773515,30
ssh,noise_r0.2/replace_all,42,0.9960317460317462,0.9992559523809523,1.0,0.9722222222222222,0.9859154929577465,0.9838197164968291,0.9861111111111112,260,0.5321655055284503,26
ssh,noise_r0.2/replace_test_only,123,0.9925672457535203,0.9986359126984127,1.0,0.8888888888888888,0.9411764705882353,0.9345021920672832,0.9444444444444444,260,0.46799058079719547,30
ssh,noise_r0.2/replace_test_only,42,0.9939613526570049,0.9987599206349207,1.0,0.8611111111111112,0.9253731343283582,0.917774241557674,0.9305555555555556,260,0.30784584736824044,30
ssh,noise_r0.2/split_all,123,0.9966124661246614,0.9993799603174603,1.0,0.9722222222222222,0.9859154929577465,0.9838197164968291,0.9861111111111112,260,0.34662703198194544,29
ssh,noise_r0.2/split_all,42,0.9958408611863897,0.9992559523809524,1.0,0.9444444444444444,0.9714285714285714,0.967515647939031,0.9722222222222222,260,0.7116740890741349,21
ssh,noise_r0.2/split_test_only,123,0.9958408611863897,0.9992559523809523,1.0,0.8888888888888888,0.9411764705882353,0.9345021920672832,0.9444444444444444,260,0.31350292223691956,30
ssh,noise_r0.2/split_test_only,42,0.9958408611863897,0.9992559523809523,1.0,0.9444444444444444,0.9714285714285714,0.967515647939031,0.9722222222222222,260,0.6759008425474168,21
ssh,noise_r0.2/unk_all,123,0.9930957869797359,0.9987599206349206,0.9696969696969697,0.8888888888888888,0.927536231884058,0.9176269847375775,0.9422123015873016,260,0.45227018594741847,30
ssh,noise_r0.2/unk_all,42,0.9960317460317462,0.9992559523809523,1.0,0.9722222222222222,0.9859154929577465,0.9838197164968291,0.9861111111111112,260,0.5124808083772663,25
ssh,noise_r0.2/unk_test_only,123,0.9915791034610302,0.9983878968253969,0.9722222222222222,0.9722222222222222,0.9722222222222222,0.9677579365079365,0.9838789682539683,260,0.31403519862890733,30
ssh,noise_r0.2/unk_test_only,42,0.9922540361379851,0.9986359126984127,0.9705882352941176,0.9166666666666666,0.9428571428571428,0.9344859645797678,0.9561011904761905,260,0.3976529531478884,30
ssh,noise_r0.4/merge_all,123,0.9922540361379851,0.9986359126984127,0.96875,0.8611111111111112,0.9117647058823529,0.9006056281809142,0.9283234126984128,260,0.3535630360245705,30
ssh,noise_r0.4/merge_all,42,0.996031746031746,0.9992559523809524,1.0,0.9722222222222222,0.9859154929577465,0.9838197164968291,0.9861111111111112,260,0.7344430956840515,19
ssh,noise_r0.4/merge_test_only,123,0.9925672457535203,0.9986359126984127,1.0,0.8888888888888888,0.9411764705882353,0.9345021920672832,0.9444444444444444,260,0.35724140453338626,30
ssh,noise_r0.4/merge_test_only,42,0.991220444406719,0.9983878968253969,0.9696969696969697,0.8888888888888888,0.927536231884058,0.9176269847375775,0.9422123015873016,260,0.4411602293252949,30
ssh,noise_r0.4/replace_all,123,0.9960317460317462,0.9992559523809523,1.0,0.9166666666666666,0.9565217391304348,0.9510794547364235,0.9583333333333333,260,0.5774025274515153,23
ssh,noise_r0.4/replace_all,42,0.9928077459940206,0.9987599206349206,0.9696969696969697,0.8888888888888888,0.927536231884058,0.9176269847375775,0.9422123015873016,260,0.5139221284389499,30
ssh,noise_r0.4/replace_test_only,123,0.9930957869797359,0.9987599206349206,0.9696969696969697,0.8888888888888888,0.927536231884058,0.9176269847375775,0.9422123015873016,260,0.4089469667077066,30
ssh,noise_r0.4/replace_test_only,42,0.9966124661246613,0.9993799603174605,1.0,0.9722222222222222,0.9859154929577465,0.9838197164968291,0.9861111111111112,260,0.5397305159568787,23
ssh,noise_r0.4/split_all,123,0.994317313829509,0.9990079365079364,0.9705882352941176,0.9166666666666666,0.9428571428571428,0.9344859645797678,0.9561011904761905,260,0.46235780543088967,30
ssh,noise_r0.4/split_all,42,0.994419483668521,0.9990079365079365,1.0,0.9444444444444444,0.9714285714285714,0.967515647939031,0.9722222222222222,260,0.6865244455933571,21
ssh,noise_r0.4/split_test_only,123,0.9942302169286866,0.9990079365079365,0.9696969696969697,0.8888888888888888,0.927536231884058,0.9176269847375775,0.9422123015873016,260,0.42222650921344806,30
ssh,noise_r0.4/split_test_only,42,0.994419483668521,0.9990079365079366,0.9714285714285714,0.9444444444444444,0.9577464788732394,0.9511930422252506,0.9699900793650793,260,0.624277419269085,22
ssh,noise_r0.4/unk_all,123,0.9922540361379851,0.9986359126984127,0.9705882352941176,0.9166666666666666,0.9428571428571428,0.9344859645797678,0.9561011904761905,260,0.49679253524541883,30
ssh,noise_r0.4/unk_all,42,0.9928077459940206,0.9987599206349206,0.9705882352941176,0.9166666666666666,0.9428571428571428,0.9344859645797678,0.9561011904761905,260,0.4598800749182706,30
ssh,noise_r0.4/unk_test_only,123,0.9941778900112234,0.9988839285714285,0.9722222222222222,0.9722222222222222,0.9722222222222222,0.9677579365079365,0.9838789682539683,260,0.28247296202182887,30
ssh,noise_r0.4/unk_test_only,42,0.992283950617284,0.9983878968253969,1.0,0.9166666666666666,0.9565217391304348,0.9510794547364235,0.9583333333333333,260,0.4376769943833354,30
ssh,pretrain_all_train_hard,123,0.9853566802096214,0.9971478174603174,0.9428571428571428,0.9166666666666666,0.9295774647887324,0.9185663679536721,0.9538690476190477,260,0.33762243866920505,30
ssh,pretrain_all_train_hard,256,0.9932683256212669,0.9988839285714286,0.9705882352941176,0.9166666666666666,0.9428571428571428,0.9344859645797678,0.9561011904761905,260,0.30061684441566483,30
ssh,pretrain_all_train_hard,42,0.9613175209960435,0.9738343253968254,0.9696969696969697,0.8888888888888888,0.927536231884058,0.9176269847375775,0.9422123015873016,260,0.38930071771144886,30
ssh,pretrain_all_train_none,123,0.996031746031746,0.9992559523809523,1.0,0.9444444444444444,0.9714285714285714,0.967515647939031,0.9722222222222222,260,0.48183830326795624,28
ssh,pretrain_all_train_none,256,0.9936728395061729,0.9987599206349206,1.0,0.8888888888888888,0.9411764705882353,0.9345021920672832,0.9444444444444444,260,0.38200817841291435,30
ssh,pretrain_all_train_none,42,0.9914578111946534,0.9983878968253969,1.0,0.8611111111111112,0.9253731343283582,0.917774241557674,0.9305555555555556,260,0.4035175391435626,30
ssh,pretrain_all_train_random,123,0.9858600034413043,0.9972718253968254,0.9444444444444444,0.9444444444444444,0.9444444444444444,0.935515873015873,0.9677579365079365,260,0.4444785681962968,30
ssh,pretrain_all_train_random,256,0.9887933940006741,0.9977678571428571,1.0,0.8611111111111112,0.9253731343283582,0.917774241557674,0.9305555555555556,260,0.3207042391300202,30
ssh,pretrain_all_train_random,42,0.9742172315701727,0.9936755952380952,0.9428571428571428,0.9166666666666666,0.9295774647887324,0.9185663679536721,0.9538690476190477,260,0.3458546779155732,30
ssh,pretrain_all_train_semantic,123,0.9947064312374391,0.9990079365079364,1.0,0.8888888888888888,0.9411764705882353,0.9345021920672832,0.9444444444444444,260,0.5585808995962145,30
ssh,pretrain_all_train_semantic,256,0.996031746031746,0.9992559523809524,1.0,0.9722222222222222,0.9859154929577465,0.9838197164968291,0.9861111111111112,260,0.5570875898599625,24
ssh,pretrain_all_train_semantic,42,0.991065129755606,0.998139880952381,1.0,0.8888888888888888,0.9411764705882353,0.9345021920672832,0.9444444444444444,260,0.4365398361682894,30
ssh,pretrain_all_train_semi_hard,123,0.9935003203654567,0.9988839285714287,0.9444444444444444,0.9444444444444444,0.9444444444444444,0.935515873015873,0.9677579365079365,260,0.39307805031538035,30
ssh,pretrain_all_train_semi_hard,256,0.9937365937365938,0.9988839285714286,0.9459459459459459,0.9722222222222222,0.958904109589041,0.9523150850710058,0.9816468253968254,260,0.3535595270693302,29
ssh,pretrain_all_train_semi_hard,42,0.9847788150484229,0.9968998015873016,0.9444444444444444,0.9444444444444444,0.9444444444444444,0.935515873015873,0.9677579365079365,260,0.2756268106997013,30
ssh,pretrain_all_train_supervised,123,0.993095786979736,0.9987599206349207,1.0,0.8611111111111112,0.9253731343283582,0.917774241557674,0.9305555555555556,260,0.5056442702412609,30
ssh,pretrain_all_train_supervised,256,0.9931897477187333,0.9986359126984128,1.0,0.9166666666666666,0.9565217391304348,0.9510794547364235,0.9583333333333333,260,0.5846147779226304,30
ssh,pretrain_all_train_supervised,42,0.9873068915675433,0.9975198412698413,0.9696969696969697,0.8888888888888888,0.927536231884058,0.9176269847375775,0.9422123015873016,260,0.24878155229985707,30
ssh,pretrain_normal_only_hard,123,0.9829091569287648,0.9964037698412699,0.9696969696969697,0.8888888888888888,0.927536231884058,0.9176269847375775,0.9422123015873016,260,0.3747804364562046,30
ssh,pretrain_normal_only_hard,256,0.9898666284695696,0.9981398809523809,0.9714285714285714,0.9444444444444444,0.9577464788732394,0.9511930422252506,0.9699900793650793,260,0.3403201534748079,26
ssh,pretrain_normal_only_hard,42,0.9639490446229314,0.974578373015873,0.9705882352941176,0.9166666666666666,0.9428571428571428,0.9344859645797678,0.9561011904761905,260,0.4204235605597519,30
ssh,pretrain_normal_only_none,123,0.9947064312374391,0.9990079365079365,1.0,0.9166666666666666,0.9565217391304348,0.9510794547364235,0.9583333333333333,260,0.5454246740341189,30
ssh,pretrain_normal_only_none,256,0.9952601410934745,0.9991319444444444,1.0,0.9444444444444444,0.9714285714285714,0.967515647939031,0.9722222222222222,260,0.4471526158452037,30
ssh,pretrain_normal_only_none,42,0.9854283098102365,0.9971478174603174,1.0,0.8888888888888888,0.9411764705882353,0.9345021920672832,0.9444444444444444,260,0.3003289074897768,30
ssh,pretrain_normal_only_random,123,0.9682174185354419,0.9765624999999999,0.9696969696969697,0.8888888888888888,0.927536231884058,0.9176269847375775,0.9422123015873016,260,0.4538226567506791,30
ssh,pretrain_normal_only_random,256,0.9713619993060257,0.9820188492063492,0.9705882352941176,0.9166666666666666,0.9428571428571428,0.9344859645797678,0.9561011904761905,260,0.3097541456818584,30
ssh,pretrain_normal_only_random,42,0.9899340628507296,0.9981398809523809,0.9705882352941176,0.9166666666666666,0.9428571428571428,0.9344859645797678,0.9561011904761905,260,0.5598653663396836,22
ssh,pretrain_normal_only_semantic,123,0.9922540361379851,0.9986359126984127,0.96875,0.8611111111111112,0.9117647058823529,0.9006056281809142,0.9283234126984128,260,0.5002563648223877,30
ssh,pretrain_normal_only_semantic,256,0.9966124661246613,0.9993799603174602,1.0,0.9722222222222222,0.9859154929577465,0.9838197164968291,0.9861111111111112,260,0.6407331879138948,22
ssh,pretrain_normal_only_semantic,42,0.996031746031746,0.9992559523809523,1.0,0.9722222222222222,0.9859154929577465,0.9838197164968291,0.9861111111111112,260,0.5373256008625032,24
ssh,pretrain_normal_only_semi_hard,123,0.9872022069893902,0.9977678571428571,0.9411764705882353,0.8888888888888888,0.9142857142857143,0.9014562812205047,0.9399801587301587,260,0.4901082098484042,30
ssh,pretrain_normal_only_semi_hard,256,0.9884320591996345,0.9978918650793651,1.0,0.8611111111111112,0.9253731343283582,0.917774241557674,0.9305555555555556,260,0.38186706697940853,30
ssh,pretrain_normal_only_semi_hard,42,0.9904905478434891,0.998263888888889,1.0,0.8611111111111112,0.9253731343283582,0.917774241557674,0.9305555555555556,260,0.4726496295332911,30
ssh,pretrain_normal_only_supervised,123,0.993095786979736,0.9987599206349207,0.9705882352941176,0.9166666666666666,0.9428571428571428,0.9344859645797678,0.9561011904761905,260,0.3733519762158395,30
ssh,pretrain_normal_only_supervised,256,0.9966124661246614,0.9993799603174603,1.0,0.9722222222222222,0.9859154929577465,0.9838197164968291,0.9861111111111112,260,0.5824460372924806,23
ssh,pretrain_normal_only_supervised,42,0.9939613526570049,0.9987599206349206,1.0,0.8888888888888888,0.9411764705882353,0.9345021920672832,0.9444444444444444,260,0.2697013867497445,30
ssh,sens_boundary_rate_ra001_re0001,123,0.9915791034610302,0.9983878968253967,0.9722222222222222,0.9722222222222222,0.9722222222222222,0.9677579365079365,0.9838789682539683,260,0.2806688030958214,30
ssh,sens_boundary_rate_ra001_re0001,256,0.9966124661246613,0.9993799603174603,1.0,0.9722222222222222,0.9859154929577465,0.9838197164968291,0.9861111111111112,260,0.5602834055423737,23
ssh,sens_boundary_rate_ra001_re0001,42,0.9922222222222222,0.9982638888888888,1.0,0.8888888888888888,0.9411764705882353,0.9345021920672832,0.9444444444444444,260,0.47022248703241387,30
ssh,sens_boundary_rate_ra001_re0005,123,0.9954780361757106,0.9991319444444444,1.0,0.8888888888888888,0.9411764705882353,0.9345021920672832,0.9444444444444444,260,0.5373366066217423,26
ssh,sens_boundary_rate_ra001_re0005,256,0.9966124661246613,0.9993799603174603,1.0,0.9722222222222222,0.9859154929577465,0.9838197164968291,0.9861111111111112,260,0.6142197947502137,23
ssh,sens_boundary_rate_ra001_re0005,42,0.996031746031746,0.9992559523809523,1.0,0.9722222222222222,0.9859154929577465,0.9838197164968291,0.9861111111111112,260,0.7406562443971634,19
ssh,sens_boundary_rate_ra010_re0020,123,0.993095786979736,0.9987599206349206,1.0,0.8888888888888888,0.9411764705882353,0.9345021920672832,0.9444444444444444,260,0.36218507760763174,30
ssh,sens_boundary_rate_ra010_re0020,256,0.9966124661246613,0.9993799603174603,1.0,0.9722222222222222,0.9859154929577465,0.9838197164968291,0.9861111111111112,260,0.5719658633470536,23
ssh,sens_boundary_rate_ra010_re0020,42,0.9925672457535203,0.9986359126984128,0.9696969696969697,0.8888888888888888,0.927536231884058,0.9176269847375775,0.9422123015873016,260,0.396893592476845,30
ssh,sens_boundary_rate_ra010_re0050,123,0.9922540361379852,0.9986359126984127,0.9696969696969697,0.8888888888888888,0.927536231884058,0.9176269847375775,0.9422123015873016,260,0.48434765094518667,30
ssh,sens_boundary_rate_ra010_re0050,256,0.9966124661246614,0.9993799603174603,1.0,0.9722222222222222,0.9859154929577465,0.9838197164968291,0.9861111111111112,260,0.5880368825197221,23
ssh,sens_boundary_rate_ra010_re0050,42,0.9914506172839507,0.9981398809523809,1.0,0.8888888888888888,0.9411764705882353,0.9345021920672832,0.9444444444444444,260,0.5312885302305226,30
ssh,sens_boundary_temperature_tau005,123,0.9915791034610302,0.9983878968253967,0.9696969696969697,0.8888888888888888,0.927536231884058,0.9176269847375775,0.9422123015873016,260,0.33269395232200627,30
ssh,sens_boundary_temperature_tau005,256,0.9966124661246614,0.9993799603174603,1.0,0.9722222222222222,0.9859154929577465,0.9838197164968291,0.9861111111111112,260,0.5768115193843841,23
ssh,sens_boundary_temperature_tau005,42,0.993095786979736,0.9987599206349207,0.9705882352941176,0.9166666666666666,0.9428571428571428,0.9344859645797678,0.9561011904761905,260,0.4034229612946513,30
ssh,sens_boundary_temperature_tau025,123,0.9920621952484698,0.9985119047619048,0.9722222222222222,0.9722222222222222,0.9722222222222222,0.9677579365079365,0.9838789682539683,260,0.32678547430038923,30
ssh,sens_boundary_temperature_tau025,256,0.9966124661246614,0.9993799603174603,1.0,0.9722222222222222,0.9859154929577465,0.9838197164968291,0.9861111111111112,260,0.5751052967309952,23
ssh,sens_boundary_temperature_tau025,42,0.9902748179291776,0.9981398809523809,0.9696969696969697,0.8888888888888888,0.927536231884058,0.9176269847375775,0.9422123015873016,260,0.3805706592798235,30
ssh,sens_boundary_temperature_tau050,123,0.9941778900112234,0.9988839285714286,1.0,0.8888888888888888,0.9411764705882353,0.9345021920672832,0.9444444444444444,260,0.32250714141130454,30
ssh,sens_boundary_temperature_tau050,256,0.9966124661246613,0.9993799603174602,1.0,0.9722222222222222,0.9859154929577465,0.9838197164968291,0.9861111111111112,260,0.5555940237045289,23
ssh,sens_boundary_temperature_tau050,42,0.9914529914529915,0.998015873015873,1.0,0.8888888888888888,0.9411764705882353,0.9345021920672832,0.9444444444444444,260,0.39540678113698985,30
ssh,sens_boundary_temperature_tau100,123,0.9925672457535203,0.9986359126984127,1.0,0.8888888888888888,0.9411764705882353,0.9345021920672832,0.9444444444444444,260,0.5795515164136887,30
ssh,sens_boundary_temperature_tau100,256,0.996031746031746,0.9992559523809523,0.9722222222222222,0.9722222222222222,0.9722222222222222,0.9677579365079365,0.9838789682539683,260,0.46089625805616397,26
ssh,sens_boundary_temperature_tau100,42,0.9915791034610302,0.9983878968253969,0.9696969696969697,0.8888888888888888,0.927536231884058,0.9176269847375775,0.9422123015873016,260,0.42566686081886324,30
ssh,sens_membership_epsilon_eps1e-4,123,0.9925672457535203,0.9986359126984127,0.9696969696969697,0.8888888888888888,0.927536231884058,0.9176269847375775,0.9422123015873016,260,0.4702623865604402,30
ssh,sens_membership_epsilon_eps1e-4,256,0.996031746031746,0.9992559523809523,1.0,0.9722222222222222,0.9859154929577465,0.9838197164968291,0.9861111111111112,260,0.5717767450809479,24
ssh,sens_membership_epsilon_eps1e-4,42,0.9906569664902999,0.998015873015873,1.0,0.8888888888888888,0.9411764705882353,0.9345021920672832,0.9444444444444444,260,0.45266579973697696,30
ssh,sens_membership_epsilon_eps1e-8,123,0.993095786979736,0.9987599206349206,1.0,0.8888888888888888,0.9411764705882353,0.9345021920672832,0.9444444444444444,260,0.48302538764476777,30
ssh,sens_membership_epsilon_eps1e-8,256,0.9966124661246613,0.9993799603174603,1.0,0.9722222222222222,0.9859154929577465,0.9838197164968291,0.9861111111111112,260,0.5726666827201844,23
ssh,sens_membership_epsilon_eps1e-8,42,0.9944664902998237,0.9990079365079364,0.9722222222222222,0.9722222222222222,0.9722222222222222,0.9677579365079365,0.9838789682539683,260,0.40961581051349694,30
ssh,sens_prototype_scale_lambda000,123,0.9692556096213714,0.9818948412698412,0.9696969696969697,0.8888888888888888,0.927536231884058,0.9176269847375775,0.9422123015873016,260,0.351219728589058,30
ssh,sens_prototype_scale_lambda000,256,0.9958408611863897,0.9992559523809524,0.9722222222222222,0.9722222222222222,0.9722222222222222,0.9677579365079365,0.9838789682539683,260,0.39341054105758666,24
ssh,sens_prototype_scale_lambda000,42,0.9923890923890925,0.9986359126984127,1.0,0.9166666666666666,0.9565217391304348,0.9510794547364235,0.9583333333333333,260,0.7103241290450096,20
ssh,sens_prototype_scale_lambda025,123,0.9869813822170427,0.9975198412698413,0.9696969696969697,0.8888888888888888,0.927536231884058,0.9176269847375775,0.9422123015873016,260,0.39881016343832026,30
ssh,sens_prototype_scale_lambda025,256,0.9958408611863897,0.9992559523809523,0.9722222222222222,0.9722222222222222,0.9722222222222222,0.9677579365079365,0.9838789682539683,260,0.45445038723945624,24
ssh,sens_prototype_scale_lambda025,42,0.9915295996447361,0.9985119047619048,0.9705882352941176,0.9166666666666666,0.9428571428571428,0.9344859645797678,0.9561011904761905,260,0.7051151144504547,22
ssh,sens_prototype_scale_lambda050,123,0.993095786979736,0.9987599206349207,0.9705882352941176,0.9166666666666666,0.9428571428571428,0.9344859645797678,0.9561011904761905,260,0.44746831583976754,30
ssh,sens_prototype_scale_lambda050,256,0.996031746031746,0.9992559523809524,0.9722222222222222,0.9722222222222222,0.9722222222222222,0.9677579365079365,0.9838789682539683,260,0.5558904988765718,25
ssh,sens_prototype_scale_lambda050,42,0.9919335622349807,0.9983878968253969,1.0,0.9166666666666666,0.9565217391304348,0.9510794547364235,0.9583333333333333,260,0.3835546573996547,30
ssh,sens_prototype_scale_lambda100,123,0.9920621952484698,0.9985119047619048,0.9705882352941176,0.9166666666666666,0.9428571428571428,0.9344859645797678,0.9561011904761905,260,0.32113118100166327,30
ssh,sens_prototype_scale_lambda100,256,0.996031746031746,0.9992559523809523,1.0,0.9722222222222222,0.9859154929577465,0.9838197164968291,0.9861111111111112,260,0.5413028558492662,24
ssh,sens_prototype_scale_lambda100,42,0.9947064312374391,0.9990079365079365,0.9714285714285714,0.9444444444444444,0.9577464788732394,0.9511930422252506,0.9699900793650793,260,0.4358270066380506,30
ssh,sens_prototype_scale_lambda200,123,0.9960317460317462,0.9992559523809523,1.0,0.9722222222222222,0.9859154929577465,0.9838197164968291,0.9861111111111112,260,0.4926237187981609,25
ssh,sens_prototype_scale_lambda200,256,0.996031746031746,0.9992559523809523,0.9722222222222222,0.9722222222222222,0.9722222222222222,0.9677579365079365,0.9838789682539683,260,0.400119623959065,30
ssh,sens_prototype_scale_lambda200,42,0.9960317460317462,0.9992559523809523,1.0,0.9722222222222222,0.9859154929577465,0.9838197164968291,0.9861111111111112,260,0.5522370804548264,22
ssh,sens_prototype_temperature_tau005,123,0.9907373526192794,0.998263888888889,0.9696969696969697,0.8888888888888888,0.927536231884058,0.9176269847375775,0.9422123015873016,260,0.3726760627627373,30
ssh,sens_prototype_temperature_tau005,256,0.9966124661246614,0.9993799603174603,1.0,0.9722222222222222,0.9859154929577465,0.9838197164968291,0.9861111111111112,260,0.6220612782239915,22
ssh,sens_prototype_temperature_tau005,42,0.996031746031746,0.9992559523809524,1.0,0.9444444444444444,0.9714285714285714,0.967515647939031,0.9722222222222222,260,0.7464152275323868,19
ssh,sens_prototype_temperature_tau020,123,0.993095786979736,0.9987599206349206,0.9696969696969697,0.8888888888888888,0.927536231884058,0.9176269847375775,0.9422123015873016,260,0.37851431274414066,30
ssh,sens_prototype_temperature_tau020,256,0.9966124661246613,0.9993799603174603,1.0,0.9722222222222222,0.9859154929577465,0.9838197164968291,0.9861111111111112,260,0.5449931375980378,24
ssh,sens_prototype_temperature_tau020,42,0.9944444444444445,0.9988839285714286,1.0,0.8888888888888888,0.9411764705882353,0.9345021920672832,0.9444444444444444,260,0.4008623932600024,30
ssh,sens_prototype_temperature_tau050,123,0.9950472103927389,0.9991319444444444,1.0,0.9166666666666666,0.9565217391304348,0.9510794547364235,0.9583333333333333,260,0.3615678884387017,30
ssh,sens_prototype_temperature_tau050,256,0.9960317460317462,0.9992559523809524,1.0,0.9722222222222222,0.9859154929577465,0.9838197164968291,0.9861111111111112,260,0.5201046540737153,24
ssh,sens_prototype_temperature_tau050,42,0.9919335622349807,0.9983878968253969,1.0,0.8888888888888888,0.9411764705882353,0.9345021920672832,0.9444444444444444,260,0.4783494489192965,30
ssh,sens_prototypes_k1,123,0.988396011446627,0.9978918650793651,0.96875,0.8611111111111112,0.9117647058823529,0.9006056281809142,0.9283234126984128,260,0.41999704992771153,30
ssh,sens_prototypes_k1,256,0.9966124661246614,0.9993799603174603,1.0,0.9722222222222222,0.9859154929577465,0.9838197164968291,0.9861111111111112,260,0.5984903277158738,21
ssh,sens_prototypes_k1,42,0.9928791887125221,0.9986359126984127,1.0,0.8611111111111112,0.9253731343283582,0.917774241557674,0.9305555555555556,260,0.5509201843738558,30
ssh,sens_prototypes_k16,123,0.9930957869797359,0.9987599206349206,1.0,0.8888888888888888,0.9411764705882353,0.9345021920672832,0.9444444444444444,260,0.4536823186874392,30
ssh,sens_prototypes_k16,256,0.9966124661246613,0.9993799603174603,1.0,0.9722222222222222,0.9859154929577465,0.9838197164968291,0.9861111111111112,260,0.556442625284195,24
ssh,sens_prototypes_k16,42,0.9922222222222222,0.998263888888889,1.0,0.8888888888888888,0.9411764705882353,0.9345021920672832,0.9444444444444444,260,0.32939564037323016,30
ssh,sens_prototypes_k2,123,0.9917254949117694,0.9985119047619048,0.96875,0.8611111111111112,0.9117647058823529,0.9006056281809142,0.9283234126984128,260,0.5571678586006167,30
ssh,sens_prototypes_k2,256,0.9966124661246613,0.9993799603174603,1.0,0.9722222222222222,0.9859154929577465,0.9838197164968291,0.9861111111111112,260,0.5717052031755449,22
ssh,sens_prototypes_k2,42,0.991220444406719,0.9983878968253969,0.96875,0.8611111111111112,0.9117647058823529,0.9006056281809142,0.9283234126984128,260,0.3850699331760408,30
ssh,sens_prototypes_k4,123,0.991220444406719,0.9983878968253969,0.96875,0.8611111111111112,0.9117647058823529,0.9006056281809142,0.9283234126984128,260,0.36461177426576624,30
ssh,sens_prototypes_k4,256,0.9966124661246613,0.9993799603174603,1.0,0.9722222222222222,0.9859154929577465,0.9838197164968291,0.9861111111111112,260,0.6526866040229798,23
ssh,sens_prototypes_k4,42,0.991065129755606,0.9981398809523809,1.0,0.9166666666666666,0.9565217391304348,0.9510794547364235,0.9583333333333333,260,0.4573052412271503,30
ssh,sens_semantic_neighbors_double,123,0.9925672457535203,0.9986359126984127,0.9696969696969697,0.8888888888888888,0.927536231884058,0.9176269847375775,0.9422123015873016,260,0.5560483553409578,30
ssh,sens_semantic_neighbors_double,256,0.9966124661246613,0.9993799603174603,1.0,0.9722222222222222,0.9859154929577465,0.9838197164968291,0.9861111111111112,260,0.5507624094486236,23
ssh,sens_semantic_neighbors_double,42,0.996031746031746,0.9992559523809524,1.0,0.9722222222222222,0.9859154929577465,0.9838197164968291,0.9861111111111112,260,0.5378171153068545,25
ssh,sens_semantic_neighbors_half,123,0.9922540361379851,0.9986359126984128,0.96875,0.8611111111111112,0.9117647058823529,0.9006056281809142,0.9283234126984128,260,0.38451761740446094,30
ssh,sens_semantic_neighbors_half,256,0.9966124661246613,0.9993799603174603,1.0,0.9722222222222222,0.9859154929577465,0.9838197164968291,0.9861111111111112,260,0.5559964773654938,24
ssh,sens_semantic_neighbors_half,42,0.9928077459940206,0.9987599206349206,0.9722222222222222,0.9722222222222222,0.9722222222222222,0.9677579365079365,0.9838789682539683,260,0.44542010915279445,30
ssh,sens_temporal_radius_double,123,0.9920621952484698,0.9985119047619048,1.0,0.8888888888888888,0.9411764705882353,0.9345021920672832,0.9444444444444444,260,0.5835501497983933,30
ssh,sens_temporal_radius_double,256,0.9966124661246613,0.9993799603174603,1.0,0.9722222222222222,0.9859154929577465,0.9838197164968291,0.9861111111111112,260,0.5956173864603043,24
ssh,sens_temporal_radius_double,42,0.9936728395061729,0.9987599206349206,1.0,0.8611111111111112,0.9253731343283582,0.917774241557674,0.9305555555555556,260,0.4466987553238871,30
ssh,sens_temporal_radius_half,123,0.9922540361379851,0.9986359126984127,0.96875,0.8611111111111112,0.9117647058823529,0.9006056281809142,0.9283234126984128,260,0.525842937707901,30
ssh,sens_temporal_radius_half,256,0.9958408611863897,0.9992559523809523,0.9722222222222222,0.9722222222222222,0.9722222222222222,0.9677579365079365,0.9838789682539683,260,0.5003982089161875,30
ssh,sens_temporal_radius_half,42,0.992283950617284,0.9983878968253969,1.0,0.8888888888888888,0.9411764705882353,0.9345021920672832,0.9444444444444444,260,0.40338419580459617,30
thunderbird,baseline_gnn_flat,1024,0.9997761348483589,0.9999965015576914,1.0,0.9967616580310881,0.9983782030489783,0.9983575231132418,0.998380829015544,115029,0.7735991618632648,14
thunderbird,baseline_gnn_flat,123,0.9997171166549488,0.9999953258984491,1.0,0.9980569948186528,0.9990275526742302,0.9990148205447947,0.9990284974093264,115029,0.7856457984446744,13
thunderbird,baseline_gnn_flat,256,0.9998705975834679,0.999997956864035,1.0,0.9980569948186528,0.9990275526742302,0.9990148205447947,0.9990284974093264,115029,0.7783910326956648,14
thunderbird,baseline_gnn_flat,42,0.9997741202303221,0.9999963474664315,1.0,0.9980569948186528,0.9990275526742302,0.9990148205447947,0.9990284974093264,115029,0.8186454768180423,14
thunderbird,baseline_gnn_flat,512,0.999860405319526,0.9999978712577795,1.0,0.9980569948186528,0.9990275526742302,0.9990148205447947,0.9990284974093264,115029,0.860795567274065,19
thunderbird,baseline_tcn,1024,0.999792665946542,0.9999963246380967,0.9993502274204028,0.9961139896373057,0.9977294842685696,0.9976999919248238,0.9980525889500358,115029,0.8943556354045851,17
thunderbird,baseline_tcn,123,0.9997206245150266,0.9999952802417795,1.0,0.9922279792746114,0.9960988296488946,0.996053749222857,0.9961139896373057,115029,0.7646462094777535,15
thunderbird,baseline_tcn,256,0.9996292631578348,0.9999931058428895,1.0,0.9928756476683938,0.9964250893727656,0.9963831684865821,0.9964378238341969,115029,0.9185343954561361,19
thunderbird,baseline_tcn,42,0.9995371688797972,0.9999905604835589,1.0,0.9948186528497409,0.9974025974025974,0.9973708082496292,0.9974093264248705,115029,0.9077509915828607,15
thunderbird,baseline_tcn,512,0.999503907098339,0.9999889339647041,0.9993498049414824,0.9954663212435233,0.9974042829331603,0.9973709787380076,0.9977287547531446,115029,0.7851250057219923,16
thunderbird,baseline_transformer,1024,0.9983393389452064,0.9993230057566211,0.9941634241245136,0.9928756476683938,0.9935191186001296,0.9934312163831857,0.9963981710166439,115029,0.6602892875671387,12
thunderbird,baseline_transformer,123,0.9996002963658593,0.9999931400853918,1.0,0.9980569948186528,0.9990275526742302,0.9990148205447947,0.9990284974093264,115029,0.8654419698714831,12
thunderbird,baseline_transformer,256,0.9997581315287402,0.9999960021878675,1.0,0.9980569948186528,0.9990275526742302,0.9990148205447947,0.9990284974093264,115029,0.9225935282707157,14
thunderbird,baseline_transformer,42,0.9997847658826424,0.9999965072647751,1.0,0.9961139896373057,0.9980532121998702,0.998028720755664,0.9980569948186528,115029,0.8784262890814006,12
thunderbird,baseline_transformer,512,0.9996157618793534,0.9999922098307484,1.0,0.9948186528497409,0.9974025974025974,0.9973708082496292,0.9974093264248705,115029,0.9335288412570949,13
thunderbird,ladder_full/L0,1024,0.9982725330713623,0.9998285706197962,1.0,0.991580310880829,0.9957723577235772,0.9957242267838274,0.9957901554404145,115029,0.9034746093747401,12
thunderbird,ladder_full/L0,123,0.998119869173421,0.9993268123814495,1.0,0.991580310880829,0.9957723577235772,0.9957242267838274,0.9957901554404145,115029,0.7390273437499673,12
thunderbird,ladder_full/L0,256,0.9983748157350909,0.9998540784303968,0.9986970684039088,0.9928756476683938,0.9957778499512829,0.995724946403911,0.9964290120969629,115029,0.7320624999999836,13
thunderbird,ladder_full/L0,42,0.9985147230802288,0.9999169134219424,0.9993472584856397,0.991580310880829,0.9954486345903771,0.9953947378772314,0.9957857495717974,115029,0.864843749999693,13
thunderbird,ladder_full/L0,512,0.9982607586852272,0.9989256985641664,1.0,0.9935233160621761,0.9967511371020142,0.9967124846774564,0.9967616580310881,115029,0.9322343749998936,19
thunderbird,ladder_full/L1,1024,0.9983479691509602,0.9998436373207661,1.0,0.9909326424870466,0.9954456733897202,0.9953946010668723,0.9954663212435233,115029,0.9509687499999018,14
thunderbird,ladder_full/L1,123,0.9988605967948343,0.9998748350938164,0.9993485342019544,0.9935233160621761,0.9964274114972393,0.9963833221508384,0.996757252162471,115029,0.8873964843748752,28
thunderbird,ladder_full/L1,256,0.9983262135333008,0.9998345744718494,0.9961064243997404,0.9941709844559585,0.9951377633711507,0.9950721596525816,0.9970590570162773,115029,0.8127636718749898,12
thunderbird,ladder_full/L1,42,0.9981769517045161,0.9995719687224418,1.0,0.9844559585492227,0.9921671018276762,0.992092640914051,0.9922279792746114,115029,0.984375,13
thunderbird,ladder_full/L1,512,0.9984458117189995,0.9999060328668667,1.0,0.991580310880829,0.9957723577235772,0.9957242267838274,0.9957901554404145,115029,0.805164062499955,12
thunderbird,ladder_full/L2,1024,0.9982242946225105,0.9997025239691809,0.9993476842791911,0.9922279792746114,0.9957751056223595,0.9957243692154684,0.9961095837686886,115029,0.9116037533283011,13
thunderbird,ladder_full/L2,123,0.9980927263533509,0.9993002031036948,1.0,0.991580310880829,0.9957723577235772,0.9957242267838274,0.9957901554404145,115029,0.8896459524631388,13
thunderbird,ladder_full/L2,256,0.9992523914180685,0.9999729940799279,1.0,0.991580310880829,0.9957723577235772,0.9957242267838274,0.9957901554404145,115029,0.9639042267798482,16
thunderbird,ladder_full/L2,42,0.9990435630418398,0.999936086369635,1.0,0.9954663212435233,0.9977280103862383,0.9976998158349999,0.9977331606217616,115029,0.6737660617828178,17
thunderbird,ladder_full/L2,512,0.9982479483451338,0.99973362757535,0.9993472584856397,0.991580310880829,0.9954486345903771,0.9953947378772314,0.9957857495717974,115029,0.7686378090381415,12
thunderbird,ladder_full/L3,1024,0.9981814777353492,0.99962987279367,1.0,0.991580310880829,0.9957723577235772,0.9957242267838274,0.9957901554404145,115029,0.854233329057419,12
thunderbird,ladder_full/L3,123,0.9981689255450483,0.9992124509847116,1.0,0.991580310880829,0.9957723577235772,0.9957242267838274,0.9957901554404145,115029,0.9078676898479159,17
thunderbird,ladder_full/L3,256,0.9980643707440048,0.9991434523427692,1.0,0.9909326424870466,0.9954456733897202,0.9953946010668723,0.9954663212435233,115029,0.818491120338392,13
thunderbird,ladder_full/L3,42,0.9990985178244177,0.9999150957157836,0.9986996098829649,0.9948186528497409,0.9967553536664504,0.9967132367203512,0.9974005146876365,115029,0.695714993953615,14
thunderbird,ladder_full/L3,512,0.9983147897113688,0.9997014053807756,0.9993472584856397,0.991580310880829,0.9954486345903771,0.9953947378772314,0.9957857495717974,115029,0.8608761706351448,14
thunderbird,ladder_full/L4,1024,0.9997252409714571,0.9999949378167574,0.9993476842791911,0.9922279792746114,0.9957751056223595,0.9957243692154684,0.9961095837686886,115029,0.9057665047645085,22
thunderbird,ladder_full/L4,123,0.9982101930521844,0.9996981580501497,0.9993472584856397,0.991580310880829,0.9954486345903771,0.9953947378772314,0.9957857495717974,115029,0.9364910404681864,12
thunderbird,ladder_full/L4,256,0.9980973751960078,0.9992881155004165,0.9993476842791911,0.9922279792746114,0.9957751056223595,0.9957243692154684,0.9961095837686886,115029,0.8552058544158675,12
thunderbird,ladder_full/L4,42,0.9989158395747277,0.9999117342434838,1.0,0.9935233160621761,0.9967511371020142,0.9967124846774564,0.9967616580310881,115029,0.8546678423881208,15
thunderbird,ladder_full/L4,512,0.9982276122362819,0.9996067419834308,1.0,0.9935233160621761,0.9967511371020142,0.9967124846774564,0.9967616580310881,115029,0.8918860225677213,20
thunderbird,ladder_full/L5,1024,0.9982820149737492,0.9998374822309949,1.0,0.991580310880829,0.9957723577235772,0.9957242267838274,0.9957901554404145,115029,0.8214084672926084,14
thunderbird,ladder_full/L5,123,0.9983329873780111,0.9998286162764658,1.0,0.9922279792746114,0.9960988296488946,0.996053749222857,0.9961139896373057,115029,0.7484718987940993,23
thunderbird,ladder_full/L5,256,0.9987522005926729,0.9997210234809969,0.9993476842791911,0.9922279792746114,0.9957751056223595,0.9957243692154684,0.9961095837686886,115029,0.9432234349250612,30
thunderbird,ladder_full/L5,42,0.9992907770548125,0.9998817777611385,0.9987004548408057,0.9954663212435233,0.9970807654881609,0.997042460736406,0.9977243488845277,115029,0.48051208746431867,22
thunderbird,ladder_full/L5,512,0.9981263420923876,0.9994313290588037,0.999348109517601,0.9928756476683938,0.9961013645224172,0.9960538972724621,0.9964334179655798,115029,0.8386630172728927,12
thunderbird,ladder_full/L6,1024,0.9981965225120386,0.9997415090579408,1.0,0.9922279792746114,0.9960988296488946,0.996053749222857,0.9961139896373057,115029,0.7899711971279905,12
thunderbird,ladder_full/L6,123,0.99930807515504,0.9999756307525978,1.0,0.9922279792746114,0.9960988296488946,0.996053749222857,0.9961139896373057,115029,0.9701548442840252,16
thunderbird,ladder_full/L6,256,0.9993006179232858,0.9999803448037345,0.9980456026058632,0.9922279792746114,0.9951282884053264,0.9950665706569836,0.9961007720314548,115029,0.986346188545139,21
thunderbird,ladder_full/L6,42,0.9987316965677772,0.9997457437140467,0.9986996098829649,0.9948186528497409,0.9967553536664504,0.9967132367203512,0.9974005146876365,115029,0.9684175791740401,14
thunderbird,ladder_full/L6,512,0.9981092678682658,0.99920481490672,0.9993476842791911,0.9922279792746114,0.9957751056223595,0.9957243692154684,0.9961095837686886,115029,0.8673519043922125,14
thunderbird,ladder_full/L7,1024,0.9994464396828541,0.9999641766356102,0.999348109517601,0.9928756476683938,0.9961013645224172,0.9960538972724621,0.9964334179655798,115029,0.9658995826242972,25
thunderbird,ladder_full/L7,123,0.9982034297508492,0.9997651477986295,1.0,0.9902849740932642,0.9951187764399609,0.9950648719692021,0.9951424870466321,115029,0.856117281198393,13
thunderbird,ladder_full/L7,256,0.9980626444991669,0.9987359237634063,1.0,0.991580310880829,0.9957723577235772,0.9957242267838274,0.9957901554404145,115029,0.9422785048482485,16
thunderbird,ladder_full/L7,42,0.9986807357901695,0.9996175626141274,1.0,0.9935233160621761,0.9967511371020142,0.9967124846774564,0.9967616580310881,115029,0.8761035518645528,16
thunderbird,ladder_full/L7,512,0.9998652501258813,0.9999980824198765,0.9993476842791911,0.9922279792746114,0.9957751056223595,0.9957243692154684,0.9961095837686886,115029,0.8735532691478176,23
thunderbird,ladder_full/L7b,1024,0.998813306846007,0.9999596794536539,1.0,0.9902849740932642,0.9951187764399609,0.9950648719692021,0.9951424870466321,115029,0.8334275388716605,13
thunderbird,ladder_full/L7b,123,0.9984016258529602,0.9994477997023641,1.0,0.991580310880829,0.9957723577235772,0.9957242267838274,0.9957901554404145,115029,0.7938591814039925,19
thunderbird,ladder_full/L7b,256,0.9994029501603059,0.9999840772364749,0.9986987638256344,0.9941709844559585,0.9964297306069458,0.9963839097278075,0.9970766804907453,115029,0.8111582300662769,17
thunderbird,ladder_full/L7b,42,0.9997939416401328,0.9999964273656032,0.999348109517601,0.9928756476683938,0.9961013645224172,0.9960538972724621,0.9964334179655798,115029,0.8661038177008985,22
thunderbird,ladder_full/L7b,512,0.9982347402409355,0.9995963950406812,0.9947984395318595,0.9909326424870466,0.9928617780661908,0.9927667846144129,0.9954310742945873,115029,0.837327241897583,13
